Date,Product_Name,Customer_ID,Quantity_Sold,Selling_Price,Cost_Price,Festival
2024-04-12,Sugar,C0140,4,25,15,0
2024-12-14,Dal,C0097,5,68,50,0
2024-09-27,Bread,C0005,6,92,74,0
2024-04-16,Dal,C0057,1,69,64,0
2024-03-12,Eggs,C0069,4,31,22,0
2024-07-07,Dal,C0118,5,42,34,0
2024-01-21,Bread,C0059,7,73,64,0
2024-04-12,Eggs,C0033,5,88,77,0
2024-05-01,Rice,C0050,1,78,68,1
2024-08-02,Milk,C0019,7,55,39,1
2024-11-26,Oil,C0214,8,22,9,0
2024-03-28,Dal,C0197,7,77,67,0
2024-04-09,Oil,C0047,4,74,61,0
2024-12-25,Sugar,C0167,8,76,68,0
2024-05-31,Bread,C0289,5,36,31,0
2024-05-10,Oil,C0141,9,58,53,0
2024-05-29,Bread,C0084,5,87,73,0
2024-11-04,Oil,C0182,1,74,63,0
2024-09-14,Milk,C0079,9,64,47,0
2024-12-09,Milk,C0215,5,95,78,0
2024-10-20,Eggs,C0014,6,20,3,0
2024-07-10,Milk,C0215,4,40,33,0
2024-10-03,Eggs,C0128,6,40,34,0
2024-06-09,Milk,C0248,8,71,53,0
2024-11-09,Milk,C0029,3,62,52,0
2024-01-22,Milk,C0280,5,71,61,0
2024-09-09,Bread,C0202,2,86,69,0
2024-08-23,Dal,C0057,2,63,52,0
2024-12-10,Eggs,C0218,7,51,42,0
2024-02-18,Oil,C0062,6,29,17,0
2024-02-28,Milk,C0157,4,83,72,0
2024-06-18,Bread,C0202,5,98,92,0
2024-07-06,Bread,C0017,1,88,69,0
2024-09-27,Bread,C0006,7,87,82,0
2024-07-08,Eggs,C0058,8,47,30,0
2024-06-23,Dal,C0169,9,72,54,0
2024-02-20,Eggs,C0082,8,70,57,0
2024-12-29,Oil,C0219,5,72,63,0
2024-02-24,Dal,C0177,3,23,7,0
2024-08-31,Rice,C0204,9,98,83,0
2024-11-15,Butter,C0071,6,36,27,0
2024-05-10,Bread,C0266,5,86,70,0
2024-11-02,Eggs,C0098,3,93,79,1
2024-05-14,Rice,C0291,6,66,58,0
2024-01-21,Sugar,C0208,3,75,69,1
2024-11-24,Eggs,C0002,6,42,33,0
2024-06-15,Milk,C0124,4,37,31,0
2024-09-30,Butter,C0280,2,20,4,0
2024-03-29,Milk,C0074,8,54,43,0
2024-11-11,Dal,C0166,4,83,68,0
2024-01-14,Butter,C0022,9,77,64,0
2024-08-29,Eggs,C0154,7,78,65,0
2024-09-21,Oil,C0295,2,20,5,0
2024-12-11,Rice,C0219,4,22,12,0
2024-02-22,Oil,C0157,5,86,81,0
2024-12-05,Eggs,C0230,3,56,39,0
2024-04-01,Dal,C0020,9,48,38,0
2024-09-20,Milk,C0041,5,52,43,0
2024-02-04,Butter,C0148,2,80,72,0
2024-07-24,Oil,C0108,3,23,7,0
2024-03-21,Eggs,C0084,9,33,23,0
2024-02-19,Oil,C0290,7,52,42,0
2024-12-25,Eggs,C0134,2,41,23,0
2024-01-02,Milk,C0207,9,67,57,0
2024-02-23,Butter,C0283,4,22,16,0
2024-04-15,Rice,C0266,9,42,23,1
2024-09-16,Milk,C0073,2,87,69,1
2024-11-05,Oil,C0048,4,40,29,0
2024-07-09,Rice,C0233,5,62,44,0
2024-08-05,Eggs,C0100,2,45,37,0
2024-02-13,Rice,C0059,1,60,43,0
2024-06-10,Eggs,C0258,7,57,38,0
2024-07-20,Milk,C0065,1,30,14,0
2024-09-26,Oil,C0083,8,48,35,0
2024-12-16,Dal,C0154,3,79,65,0
2024-10-30,Oil,C0266,6,86,80,0
2024-09-27,Eggs,C0079,7,84,75,0
2024-08-02,Bread,C0150,1,80,62,0
2024-09-08,Butter,C0048,6,38,30,1
2024-07-08,Sugar,C0248,7,65,52,0
2024-10-22,Dal,C0278,6,68,60,0
2024-07-31,Rice,C0098,4,41,29,0
2024-07-26,Dal,C0025,1,97,85,0
2024-08-24,Butter,C0284,9,76,66,0
2024-12-03,Rice,C0068,4,33,23,1
2024-02-22,Butter,C0007,7,63,48,0
2024-10-06,Rice,C0137,7,35,23,0
2024-08-04,Dal,C0164,2,96,80,0
2024-09-08,Rice,C0083,1,31,14,0
2024-07-06,Rice,C0138,8,74,58,1
2024-02-10,Bread,C0073,8,70,56,1
2024-06-05,Oil,C0237,7,58,45,0
2024-01-15,Oil,C0046,8,52,33,0
2024-10-27,Sugar,C0106,3,52,43,0
2024-03-05,Sugar,C0288,2,48,33,0
2024-12-10,Eggs,C0262,7,88,83,0
2024-11-22,Eggs,C0176,8,89,84,0
2024-01-09,Eggs,C0166,1,50,31,1
2024-12-09,Bread,C0145,9,99,93,0
2024-05-08,Sugar,C0283,4,50,36,1
2024-05-15,Butter,C0054,4,65,51,0
2024-03-03,Eggs,C0178,3,96,87,0
2024-05-18,Eggs,C0244,6,71,63,1
2024-03-21,Dal,C0127,1,29,24,0
2024-06-11,Milk,C0271,6,93,85,1
2024-10-15,Butter,C0132,2,60,52,0
2024-09-17,Eggs,C0093,9,96,82,0
2024-08-18,Eggs,C0073,2,22,14,1
2024-02-10,Eggs,C0248,7,78,73,0
2024-01-28,Milk,C0273,1,71,58,1
2024-05-14,Milk,C0043,7,53,35,1
2024-07-19,Bread,C0041,5,68,61,0
2024-11-23,Butter,C0170,8,47,30,0
2024-09-24,Bread,C0212,4,32,24,0
2024-02-02,Rice,C0168,7,88,79,0
2024-02-17,Milk,C0039,6,86,69,0
2024-03-02,Dal,C0245,5,80,63,0
2024-08-03,Sugar,C0151,4,79,68,0
2024-10-19,Dal,C0111,7,90,80,0
2024-04-08,Sugar,C0047,5,43,34,0
2024-06-20,Milk,C0063,5,82,70,0
2024-12-25,Milk,C0225,1,80,62,0
2024-08-01,Milk,C0069,2,42,37,1
2024-02-04,Bread,C0299,5,49,38,0
2024-08-14,Butter,C0290,3,79,63,0
2024-04-10,Sugar,C0296,2,37,27,0
2024-05-10,Butter,C0203,4,75,60,0
2024-09-13,Bread,C0061,4,72,63,1
2024-01-05,Bread,C0161,4,26,15,0
2024-08-05,Oil,C0016,4,88,81,0
2024-09-11,Dal,C0094,3,91,86,0
2024-12-24,Dal,C0138,7,98,85,0
2024-10-09,Rice,C0038,9,71,65,0
2024-07-25,Eggs,C0127,5,23,6,0
2024-01-15,Bread,C0275,4,53,39,0
2024-12-11,Sugar,C0164,2,88,69,0
2024-02-11,Oil,C0077,2,52,45,1
2024-06-27,Oil,C0174,5,88,76,0
2024-03-03,Eggs,C0091,7,57,41,0
2024-12-17,Butter,C0238,9,45,31,0
2024-08-18,Eggs,C0264,7,20,7,0
2024-08-28,Eggs,C0179,5,23,6,1
2024-02-21,Eggs,C0209,6,58,51,0
2024-04-05,Dal,C0073,3,73,63,0
2024-08-09,Bread,C0107,5,52,41,0
2024-08-18,Rice,C0295,8,52,33,0
2024-08-24,Bread,C0284,1,91,86,0
2024-05-22,Butter,C0182,1,39,21,0
2024-06-19,Milk,C0037,7,35,24,0
2024-01-29,Eggs,C0137,5,40,32,0
2024-02-05,Bread,C0056,5,64,55,0
2024-01-13,Butter,C0187,1,81,69,0
2024-06-08,Milk,C0258,9,50,42,1
2024-11-22,Milk,C0058,1,61,42,0
2024-07-05,Eggs,C0123,5,31,23,0
2024-08-30,Rice,C0188,9,84,72,0
2024-03-26,Sugar,C0230,4,92,73,0
2024-10-10,Dal,C0168,8,22,13,0
2024-03-06,Bread,C0114,6,28,11,0
2024-06-18,Milk,C0252,3,70,60,0
2024-02-14,Bread,C0107,4,35,19,0
2024-03-02,Sugar,C0037,2,97,82,0
2024-05-13,Dal,C0092,1,22,4,0
2024-10-10,Sugar,C0018,8,43,34,0
2024-01-28,Dal,C0063,1,92,87,0
2024-04-17,Oil,C0150,1,32,21,0
2024-02-13,Dal,C0139,4,21,11,0
2024-12-05,Eggs,C0186,6,90,84,0
2024-10-12,Rice,C0185,9,40,25,0
2024-11-26,Sugar,C0205,1,38,27,0
2024-05-07,Milk,C0260,7,66,56,0
2024-12-13,Eggs,C0214,5,41,32,0
2024-08-18,Oil,C0256,8,94,82,0
2024-07-08,Rice,C0135,7,52,43,0
2024-08-12,Bread,C0061,4,51,36,0
2024-10-09,Eggs,C0088,4,83,77,1
2024-04-30,Sugar,C0207,6,58,48,1
2024-04-25,Butter,C0129,6,91,73,0
2024-08-20,Butter,C0003,9,61,45,0
2024-09-15,Milk,C0242,5,28,23,0
2024-12-24,Dal,C0121,8,44,35,0
2024-07-16,Milk,C0102,5,21,3,0
2024-05-16,Butter,C0038,2,38,28,0
2024-11-13,Bread,C0133,6,39,20,0
2024-06-13,Oil,C0202,9,89,78,0
2024-08-12,Oil,C0021,3,36,18,0
2024-11-02,Sugar,C0242,1,87,81,0
2024-08-21,Oil,C0109,1,22,17,0
2024-06-20,Sugar,C0084,3,70,60,0
2024-05-31,Eggs,C0083,5,45,38,0
2024-11-10,Sugar,C0291,3,75,66,0
2024-06-08,Eggs,C0069,9,83,67,1
2024-04-05,Sugar,C0129,8,27,8,1
2024-08-20,Butter,C0196,3,56,41,0
2024-06-28,Butter,C0140,9,46,29,0
2024-04-22,Dal,C0283,6,64,45,0
2024-11-13,Eggs,C0234,7,23,17,0
2024-02-21,Rice,C0023,4,56,37,0
2024-09-24,Eggs,C0153,4,90,85,1
2024-10-21,Sugar,C0277,2,52,47,0
2024-04-22,Sugar,C0061,5,50,33,0
2024-04-10,Rice,C0052,8,74,59,0
2024-04-22,Milk,C0153,7,31,23,0
2024-03-21,Sugar,C0237,7,30,16,0
2024-07-05,Dal,C0032,6,91,74,0
2024-04-22,Oil,C0055,3,51,45,0
2024-01-02,Oil,C0036,5,76,71,0
2024-05-09,Bread,C0110,1,57,47,0
2024-08-07,Bread,C0177,7,79,61,0
2024-02-23,Oil,C0295,9,38,30,1
2024-12-08,Oil,C0097,1,75,61,0
2024-08-11,Butter,C0213,2,33,16,1
2024-08-12,Dal,C0137,3,52,36,0
2024-05-05,Rice,C0006,3,29,10,0
2024-05-09,Bread,C0109,8,99,88,0
2024-02-22,Butter,C0035,7,83,68,0
2024-06-20,Butter,C0039,6,83,73,1
2024-08-05,Rice,C0150,4,81,72,1
2024-06-08,Butter,C0118,9,87,73,0
2024-07-16,Eggs,C0261,1,62,46,0
2024-09-03,Dal,C0087,2,99,82,0
2024-11-19,Oil,C0076,4,78,62,1
2024-07-21,Sugar,C0214,3,71,55,0
2024-07-02,Rice,C0285,1,38,22,0
2024-05-02,Oil,C0239,5,40,34,0
2024-09-11,Oil,C0165,7,41,32,0
2024-10-20,Milk,C0087,2,28,15,1
2024-10-06,Eggs,C0141,5,28,15,0
2024-11-20,Rice,C0160,6,92,86,0
2024-04-07,Butter,C0046,7,46,35,0
2024-07-16,Sugar,C0112,1,36,22,0
2024-08-27,Rice,C0045,7,63,45,0
2024-05-23,Butter,C0247,4,64,56,0
2024-04-06,Oil,C0104,8,27,10,1
2024-07-19,Sugar,C0085,4,99,82,0
2024-05-03,Butter,C0134,6,37,30,0
2024-07-05,Dal,C0108,9,52,37,0
2024-11-21,Butter,C0018,5,20,15,0
2024-12-14,Milk,C0094,4,95,88,1
2024-09-15,Eggs,C0150,8,25,10,0
2024-05-27,Oil,C0246,9,60,47,0
2024-09-08,Butter,C0289,4,74,56,0
2024-12-11,Eggs,C0209,3,24,5,0
2024-05-26,Bread,C0126,8,78,65,0
2024-05-27,Bread,C0235,5,99,88,1
2024-12-17,Eggs,C0122,2,37,30,0
2024-07-17,Eggs,C0138,9,68,51,0
2024-11-03,Milk,C0115,3,84,77,0
2024-05-07,Dal,C0162,2,73,65,0
2024-02-08,Oil,C0201,1,80,69,0
2024-12-03,Rice,C0234,8,27,16,1
2024-12-25,Milk,C0028,3,22,6,0
2024-05-08,Dal,C0011,7,44,28,0
2024-09-23,Eggs,C0206,1,88,70,0
2024-05-30,Rice,C0167,1,74,68,0
2024-10-24,Eggs,C0247,9,59,43,0
2024-04-08,Eggs,C0047,8,69,50,1
2024-09-19,Bread,C0246,3,52,43,0
2024-09-08,Bread,C0127,6,37,26,1
2024-05-23,Rice,C0147,3,76,65,0
2024-12-11,Milk,C0118,4,35,25,0
2024-04-21,Bread,C0152,1,99,85,0
2024-02-29,Oil,C0072,5,57,43,0
2024-01-02,Eggs,C0137,1,60,44,0
2024-10-30,Sugar,C0175,1,26,14,0
2024-09-10,Butter,C0289,7,97,90,0
2024-05-19,Rice,C0019,6,72,53,0
2024-02-06,Rice,C0195,2,82,77,1
2024-06-08,Bread,C0175,2,51,44,0
2024-01-09,Milk,C0141,7,57,42,1
2024-08-20,Eggs,C0246,1,41,35,0
2024-04-08,Oil,C0093,2,35,29,0
2024-05-26,Milk,C0239,8,71,53,0
2024-10-30,Dal,C0205,6,48,30,0
2024-07-26,Dal,C0048,2,35,29,1
2024-05-10,Sugar,C0245,7,95,86,0
2024-05-31,Bread,C0295,4,36,19,1
2024-02-23,Bread,C0128,2,83,78,1
2024-04-29,Bread,C0282,6,32,18,0
2024-06-09,Sugar,C0017,9,91,83,1
2024-04-25,Dal,C0071,9,75,57,0
2024-03-15,Milk,C0269,8,24,10,1
2024-04-22,Sugar,C0282,3,31,22,0
2024-04-13,Sugar,C0007,3,60,54,0
2024-12-05,Milk,C0103,2,22,13,1
2024-09-10,Bread,C0193,5,52,38,0
2024-08-14,Oil,C0241,4,69,50,0
2024-04-21,Milk,C0062,7,75,67,0
2024-04-08,Dal,C0017,4,28,16,0
2024-06-01,Rice,C0171,9,69,64,0
2024-12-14,Eggs,C0025,2,48,29,0
2024-12-03,Rice,C0251,6,58,42,0
2024-07-12,Butter,C0253,7,64,55,0
2024-11-05,Butter,C0207,4,36,18,0
2024-06-11,Sugar,C0029,6,75,57,0
2024-07-26,Eggs,C0117,7,65,50,0
2024-06-17,Rice,C0282,4,86,70,0
2024-06-09,Oil,C0144,8,88,74,1
2024-03-08,Bread,C0025,9,33,28,0
2024-10-15,Dal,C0156,1,86,72,0
2024-10-03,Butter,C0073,7,42,28,1
2024-10-30,Oil,C0120,9,80,72,0
2024-05-14,Dal,C0093,5,42,30,0
2024-07-13,Dal,C0086,2,46,41,0
2024-05-07,Bread,C0118,6,73,58,1
2024-02-02,Eggs,C0233,7,29,10,0
2024-06-24,Sugar,C0199,2,96,90,0
2024-01-22,Rice,C0206,2,35,30,0
2024-08-25,Bread,C0147,1,60,45,0
2024-06-06,Oil,C0271,4,74,63,0
2024-02-07,Sugar,C0139,7,80,74,0
2024-08-17,Oil,C0181,9,68,63,0
2024-12-30,Sugar,C0030,3,92,73,0
2024-02-20,Eggs,C0057,7,71,55,0
2024-09-20,Butter,C0232,7,21,11,0
2024-10-09,Oil,C0146,7,69,59,0
2024-01-27,Bread,C0048,2,62,48,1
2024-08-13,Sugar,C0194,6,96,90,0
2024-10-03,Sugar,C0224,2,27,8,0
2024-10-12,Dal,C0136,6,78,73,1
2024-04-06,Dal,C0022,3,84,66,0
2024-10-10,Milk,C0006,2,31,17,0
2024-11-12,Oil,C0204,6,23,16,0
2024-10-30,Dal,C0239,2,96,82,0
2024-05-26,Milk,C0185,5,60,42,1
2024-01-04,Butter,C0292,2,26,17,0
2024-02-04,Butter,C0220,3,88,78,0
2024-07-10,Dal,C0116,3,88,81,0
2024-02-18,Oil,C0049,6,49,36,0
2024-01-17,Sugar,C0173,6,92,77,0
2024-06-20,Rice,C0082,3,25,16,0
2024-08-07,Eggs,C0045,3,38,21,0
2024-06-06,Oil,C0020,1,99,93,0
2024-02-15,Eggs,C0221,7,85,71,1
2024-01-06,Bread,C0123,8,29,19,0
2024-04-08,Butter,C0234,2,35,19,0
2024-08-20,Dal,C0221,4,56,44,0
2024-02-06,Dal,C0003,7,98,83,0
2024-10-06,Eggs,C0182,8,96,86,0
2024-12-14,Sugar,C0206,1,96,88,0
2024-10-28,Eggs,C0040,4,51,41,0
2024-06-29,Bread,C0059,6,66,54,0
2024-04-04,Sugar,C0062,3,91,79,1
2024-04-08,Bread,C0132,5,62,45,0
2024-07-06,Rice,C0060,9,55,41,0
2024-04-25,Butter,C0122,3,45,39,0
2024-07-09,Dal,C0107,5,29,17,0
2024-09-09,Dal,C0096,8,50,40,0
2024-06-09,Rice,C0235,6,48,42,1
2024-09-12,Milk,C0062,4,24,19,0
2024-11-18,Butter,C0256,8,96,86,0
2024-05-07,Sugar,C0049,3,20,3,0
2024-01-18,Rice,C0159,3,22,11,1
2024-10-07,Sugar,C0124,4,86,68,0
2024-08-10,Eggs,C0207,9,90,72,0
2024-02-23,Oil,C0048,5,54,40,0
2024-02-27,Dal,C0136,8,34,25,0
2024-11-18,Sugar,C0201,6,86,68,0
2024-12-25,Bread,C0250,3,49,35,0
2024-06-22,Sugar,C0295,8,94,82,0
2024-10-06,Oil,C0209,9,62,47,0
2024-04-23,Butter,C0211,8,79,62,1
2024-10-14,Dal,C0192,4,59,43,0
2024-12-07,Eggs,C0044,6,84,71,1
2024-05-30,Rice,C0029,1,48,40,0
2024-05-06,Eggs,C0059,4,93,82,0
2024-06-03,Oil,C0071,8,38,26,0
2024-09-29,Dal,C0092,1,22,5,0
2024-04-13,Sugar,C0265,3,55,45,0
2024-10-25,Butter,C0220,1,62,56,0
2024-09-02,Milk,C0215,9,34,23,0
2024-06-24,Butter,C0277,2,60,43,0
2024-02-08,Milk,C0064,9,99,86,0
2024-06-18,Bread,C0292,4,55,46,0
2024-09-03,Butter,C0245,2,96,77,0
2024-01-26,Dal,C0062,4,52,46,0
2024-12-20,Milk,C0170,6,24,16,0
2024-11-01,Rice,C0269,7,97,90,1
2024-01-13,Dal,C0267,3,33,25,1
2024-11-11,Rice,C0054,3,87,73,0
2024-11-08,Butter,C0016,8,66,55,0
2024-02-05,Rice,C0008,5,73,59,0
2024-06-21,Milk,C0104,4,23,11,0
2024-01-20,Dal,C0059,7,28,23,0
2024-11-16,Sugar,C0040,7,72,55,0
2024-09-20,Oil,C0237,9,96,84,0
2024-05-21,Milk,C0094,9,97,88,0
2024-05-22,Milk,C0222,5,79,63,0
2024-04-01,Sugar,C0204,8,65,54,0
2024-12-19,Dal,C0138,1,73,58,0
2024-11-17,Dal,C0300,9,93,78,0
2024-10-14,Eggs,C0207,8,56,51,1
2024-08-02,Butter,C0081,6,42,36,0
2024-12-07,Rice,C0218,3,46,41,0
2024-02-20,Butter,C0002,3,89,80,0
2024-06-01,Sugar,C0178,8,85,67,0
2024-07-04,Butter,C0279,5,80,62,0
2024-03-03,Sugar,C0146,7,96,86,0
2024-07-08,Dal,C0224,5,70,56,0
2024-05-04,Rice,C0062,8,69,56,1
2024-05-29,Butter,C0294,4,38,26,0
2024-11-09,Milk,C0239,2,20,9,1
2024-02-27,Bread,C0195,3,59,43,0
2024-12-07,Eggs,C0166,8,51,42,1
2024-10-31,Oil,C0222,7,41,23,0
2024-06-28,Milk,C0061,2,85,66,0
2024-06-18,Dal,C0129,6,59,52,0
2024-11-21,Oil,C0173,9,57,44,0
2024-09-27,Bread,C0156,4,67,50,0
2024-02-23,Bread,C0110,9,74,65,0
2024-04-10,Rice,C0269,2,94,87,1
2024-09-20,Oil,C0278,2,74,67,1
2024-02-22,Rice,C0074,9,70,63,0
2024-02-29,Milk,C0207,7,79,61,0
2024-04-17,Sugar,C0279,7,27,17,0
2024-01-05,Sugar,C0204,1,87,82,0
2024-04-12,Sugar,C0161,6,94,79,0
2024-07-14,Oil,C0028,7,91,83,0
2024-09-18,Sugar,C0257,6,28,11,1
2024-12-30,Milk,C0165,6,21,9,0
2024-12-15,Rice,C0063,2,99,92,0
2024-02-16,Oil,C0022,6,89,80,0
2024-12-20,Rice,C0070,4,78,72,0
2024-11-06,Oil,C0096,9,38,19,0
2024-11-03,Rice,C0163,1,47,41,0
2024-05-23,Bread,C0079,8,91,76,0
2024-09-25,Rice,C0005,5,33,16,0
2024-05-03,Sugar,C0120,1,43,32,0
2024-04-15,Bread,C0178,4,63,49,0
2024-06-06,Rice,C0176,1,75,68,0
2024-05-26,Oil,C0217,6,70,61,0
2024-05-24,Oil,C0056,2,51,44,0
2024-04-29,Eggs,C0187,5,69,59,0
2024-11-14,Oil,C0232,7,60,43,0
2024-10-01,Dal,C0255,2,85,71,1
2024-04-01,Milk,C0104,6,44,37,0
2024-02-27,Oil,C0077,6,80,68,1
2024-12-11,Bread,C0230,5,85,79,0
2024-08-16,Eggs,C0258,5,61,54,0
2024-04-26,Oil,C0264,3,84,72,1
2024-11-13,Dal,C0182,2,55,43,0
2024-10-05,Sugar,C0256,7,95,90,0
2024-05-06,Bread,C0038,1,28,16,0
2024-05-08,Dal,C0176,6,55,41,1
2024-02-27,Sugar,C0027,6,57,51,0
2024-05-01,Butter,C0276,3,52,36,0
2024-01-01,Butter,C0140,2,61,50,0
2024-08-26,Bread,C0299,2,80,70,1
2024-10-16,Rice,C0287,9,65,59,0
2024-04-05,Milk,C0091,5,80,71,0
2024-05-05,Eggs,C0061,7,37,26,0
2024-04-27,Milk,C0163,5,89,77,0
2024-02-17,Dal,C0143,7,99,92,0
2024-03-29,Sugar,C0253,4,34,29,0
2024-08-24,Milk,C0269,8,67,50,0
2024-09-28,Sugar,C0291,7,91,80,0
2024-07-07,Sugar,C0187,5,32,15,0
2024-07-10,Dal,C0291,6,62,53,0
2024-03-09,Dal,C0086,5,79,70,0
2024-10-04,Dal,C0166,7,76,65,0
2024-12-14,Milk,C0114,2,90,85,0
2024-09-03,Butter,C0183,5,36,24,1
2024-03-16,Dal,C0207,3,69,53,0
2024-06-02,Eggs,C0256,9,51,33,0
2024-05-23,Milk,C0235,6,41,27,0
2024-03-26,Dal,C0003,3,74,55,0
2024-07-03,Oil,C0208,7,76,67,1
2024-10-11,Sugar,C0197,4,32,20,1
2024-08-07,Eggs,C0125,3,66,52,0
2024-03-09,Dal,C0138,8,81,62,0
2024-02-16,Bread,C0025,4,73,59,0
2024-04-03,Sugar,C0068,1,48,39,0
2024-08-25,Sugar,C0061,6,41,25,0
2024-07-22,Dal,C0029,1,84,73,0
2024-08-05,Butter,C0019,5,48,34,0
2024-12-06,Rice,C0171,7,67,60,0
2024-02-08,Butter,C0074,6,24,18,0
2024-04-09,Dal,C0061,2,54,44,0
2024-10-15,Sugar,C0153,4,93,84,0
2024-09-10,Eggs,C0276,2,90,77,0
2024-08-09,Bread,C0048,1,65,51,0
2024-12-22,Eggs,C0211,3,54,46,0
2024-01-23,Eggs,C0139,3,64,49,0
2024-09-06,Sugar,C0110,7,32,25,0
2024-01-10,Butter,C0183,1,29,16,0
2024-09-02,Bread,C0028,9,85,73,1
2024-11-20,Milk,C0197,6,89,79,0
2024-04-09,Oil,C0191,4,91,86,0
2024-10-16,Sugar,C0051,3,44,26,0
2024-06-28,Dal,C0149,3,63,49,1
2024-08-10,Milk,C0268,2,79,62,0
2024-09-06,Oil,C0050,2,66,50,0
2024-05-26,Dal,C0246,5,59,44,0
2024-04-05,Eggs,C0113,9,26,21,0
2024-09-13,Rice,C0170,2,65,49,0
2024-11-20,Dal,C0166,2,42,32,0
2024-01-04,Bread,C0014,6,65,48,0
2024-01-16,Bread,C0203,2,32,25,0
2024-10-06,Rice,C0288,4,40,33,0
2024-12-01,Milk,C0189,6,20,10,1
2024-09-03,Oil,C0155,5,38,21,0
2024-09-14,Dal,C0055,1,79,72,0
2024-06-08,Bread,C0182,6,52,35,0
2024-12-05,Milk,C0210,1,23,8,1
2024-05-31,Rice,C0075,3,22,8,0
2024-06-26,Butter,C0277,5,71,61,0
2024-06-11,Sugar,C0133,5,47,38,0
2024-02-02,Butter,C0059,6,89,81,0
2024-06-27,Butter,C0182,8,89,77,0
2024-04-10,Bread,C0064,5,74,68,0
2024-09-24,Eggs,C0260,1,76,57,0
2024-11-18,Eggs,C0193,5,35,19,1
2024-03-05,Rice,C0143,3,43,25,0
2024-06-16,Dal,C0104,4,88,73,0
2024-11-25,Eggs,C0214,8,60,49,1
2024-02-12,Butter,C0242,7,96,88,1
2024-02-13,Eggs,C0209,5,66,60,0
2024-10-11,Butter,C0093,2,95,76,1
2024-01-12,Oil,C0142,6,88,77,0
2024-04-04,Bread,C0112,6,50,33,0
2024-10-28,Bread,C0059,6,49,44,1
2024-09-09,Dal,C0043,9,37,29,0
2024-08-29,Eggs,C0207,8,63,50,0
2024-02-04,Eggs,C0268,8,46,28,0
2024-08-02,Sugar,C0296,1,45,37,0
2024-12-02,Milk,C0118,5,79,63,0
2024-03-30,Oil,C0020,7,37,20,0
2024-09-20,Bread,C0222,6,75,68,1
2024-04-02,Oil,C0166,5,50,36,0
2024-03-30,Bread,C0131,8,78,64,0
2024-04-24,Oil,C0156,3,21,15,1
2024-04-14,Rice,C0184,6,58,40,0
2024-07-14,Butter,C0090,5,80,61,0
2024-11-09,Bread,C0094,8,82,75,0
2024-04-23,Oil,C0013,4,37,32,0
2024-03-15,Eggs,C0293,8,36,22,0
2024-08-04,Milk,C0230,2,58,46,0
2024-10-03,Rice,C0292,9,90,85,0
2024-09-05,Rice,C0026,9,73,66,0
2024-06-12,Milk,C0075,6,95,77,0
2024-12-22,Oil,C0299,4,54,47,0
2024-07-10,Eggs,C0150,4,30,13,0
2024-08-14,Dal,C0148,6,80,61,0
2024-06-25,Milk,C0008,5,63,57,0
2024-04-08,Oil,C0029,6,87,69,1
2024-02-05,Milk,C0296,7,44,35,0
2024-04-05,Milk,C0209,7,67,53,1
2024-05-31,Bread,C0128,9,51,44,0
2024-05-30,Oil,C0116,8,23,16,1
2024-07-08,Dal,C0144,6,57,45,0
2024-08-11,Butter,C0235,6,82,74,0
2024-02-06,Bread,C0007,5,66,58,0
2024-09-24,Milk,C0045,1,20,13,0
2024-07-01,Butter,C0239,9,22,7,0
2024-01-13,Sugar,C0155,9,81,76,0
2024-10-05,Butter,C0181,9,83,71,0
2024-08-04,Milk,C0215,8,36,17,0
2024-12-20,Milk,C0088,3,97,92,0
2024-12-26,Eggs,C0256,1,81,70,0
2024-10-12,Oil,C0073,8,54,45,0
2024-09-29,Oil,C0179,7,32,24,0
2024-03-02,Bread,C0212,5,54,46,0
2024-03-24,Dal,C0293,7,62,50,0
2024-08-04,Bread,C0234,4,21,6,0
2024-12-07,Rice,C0239,9,75,60,0
2024-07-05,Milk,C0223,2,96,79,0
2024-01-19,Butter,C0119,9,70,52,0
2024-06-25,Sugar,C0264,9,73,63,0
2024-04-09,Milk,C0207,5,35,17,1
2024-08-20,Milk,C0095,1,37,21,0
2024-03-16,Bread,C0222,7,26,21,0
2024-09-21,Sugar,C0276,4,64,46,0
2024-10-10,Sugar,C0231,9,55,41,0
2024-07-24,Sugar,C0119,6,60,48,0
2024-08-10,Bread,C0268,3,61,44,0
2024-02-21,Milk,C0273,6,26,8,1
2024-12-04,Bread,C0064,6,34,28,1
2024-05-23,Oil,C0298,5,79,69,0
2024-03-09,Oil,C0011,2,59,46,0
2024-04-08,Bread,C0098,2,56,51,0
2024-01-25,Sugar,C0071,7,85,75,0
2024-02-22,Eggs,C0058,2,74,62,1
2024-05-30,Milk,C0290,6,96,82,0
2024-05-23,Bread,C0251,5,99,82,0
2024-02-26,Bread,C0276,4,75,69,0
2024-02-08,Bread,C0050,7,63,54,0
2024-04-18,Eggs,C0216,8,76,66,1
2024-06-29,Eggs,C0052,4,25,16,0
2024-02-11,Rice,C0271,1,51,44,0
2024-07-04,Oil,C0084,1,93,85,0
2024-08-10,Butter,C0293,1,37,26,0
2024-05-01,Sugar,C0126,1,87,79,0
2024-05-12,Dal,C0296,5,92,79,0
2024-06-11,Eggs,C0072,4,26,11,0
2024-08-02,Butter,C0296,9,27,11,1
2024-08-08,Eggs,C0236,3,83,65,0
2024-08-22,Sugar,C0056,7,26,9,0
2024-11-26,Dal,C0110,8,60,43,0
2024-05-25,Rice,C0192,6,59,45,0
2024-08-26,Bread,C0093,1,22,16,0
2024-03-16,Rice,C0056,8,36,27,1
2024-01-09,Eggs,C0060,3,85,73,0
2024-03-14,Rice,C0138,8,98,80,0
2024-09-09,Butter,C0039,4,71,62,0
2024-08-17,Milk,C0028,8,41,27,0
2024-01-07,Eggs,C0049,1,23,7,1
2024-06-22,Eggs,C0125,3,25,13,0
2024-05-20,Butter,C0013,6,57,45,1
2024-06-16,Oil,C0036,9,45,32,1
2024-06-18,Dal,C0101,2,30,16,0
2024-10-09,Bread,C0282,1,36,26,0
2024-05-01,Butter,C0086,3,50,34,1
2024-07-12,Dal,C0004,4,96,88,0
2024-01-05,Sugar,C0223,5,54,38,0
2024-01-29,Dal,C0166,3,35,20,0
2024-06-13,Sugar,C0278,2,98,91,0
2024-12-04,Butter,C0130,2,37,18,0
2024-05-15,Eggs,C0031,7,81,65,0
2024-12-30,Eggs,C0011,9,46,28,0
2024-11-16,Oil,C0096,2,54,45,1
2024-12-07,Butter,C0190,7,64,54,0
2024-05-24,Sugar,C0192,7,54,47,0
2024-11-22,Dal,C0266,7,47,41,0
2024-08-04,Dal,C0128,3,28,17,0
2024-10-27,Sugar,C0238,7,95,80,0
2024-05-11,Rice,C0112,1,34,25,0
2024-10-18,Oil,C0145,1,40,27,0
2024-03-10,Milk,C0065,5,71,52,0
2024-09-08,Eggs,C0247,2,54,47,0
2024-10-01,Bread,C0223,9,70,52,1
2024-12-29,Dal,C0106,7,74,55,0
2024-06-30,Bread,C0181,4,96,84,1
2024-06-15,Milk,C0184,4,63,53,1
2024-03-31,Butter,C0226,2,84,76,0
2024-07-20,Bread,C0265,5,99,83,0
2024-12-11,Milk,C0278,4,44,28,0
2024-01-19,Eggs,C0089,1,66,47,1
2024-02-08,Sugar,C0176,8,99,86,0
2024-05-05,Rice,C0018,3,75,66,0
2024-06-21,Eggs,C0106,6,57,38,0
2024-05-20,Dal,C0271,4,30,16,0
2024-08-29,Milk,C0167,9,86,76,0
2024-08-07,Bread,C0013,7,34,16,0
2024-05-05,Dal,C0032,9,20,1,0
2024-02-27,Rice,C0040,3,26,7,0
2024-05-27,Sugar,C0148,1,20,3,0
2024-11-12,Butter,C0218,5,68,55,0
2024-12-26,Dal,C0219,3,92,81,0
2024-01-01,Butter,C0082,6,48,32,0
2024-12-13,Milk,C0208,8,45,36,0
2024-07-08,Rice,C0201,4,64,58,1
2024-07-09,Bread,C0038,5,90,82,0
2024-11-07,Rice,C0211,5,31,25,0
2024-04-26,Rice,C0249,4,51,44,0
2024-05-13,Oil,C0227,4,39,25,0
2024-02-27,Rice,C0048,4,70,54,0
2024-02-13,Rice,C0018,4,55,48,0
2024-06-21,Eggs,C0295,4,86,78,0
2024-06-08,Dal,C0196,5,20,10,0
2024-06-21,Bread,C0187,2,46,30,0
2024-11-12,Eggs,C0224,2,59,52,0
2024-10-29,Eggs,C0229,9,33,19,0
2024-05-28,Dal,C0077,2,88,70,0
2024-03-20,Dal,C0188,6,98,93,0
2024-07-31,Milk,C0270,2,25,20,1
2024-07-21,Dal,C0095,5,52,39,0
2024-09-08,Oil,C0132,4,74,61,0
2024-08-16,Oil,C0039,7,38,29,0
2024-06-12,Eggs,C0072,7,96,83,0
2024-08-14,Butter,C0281,6,48,33,0
2024-05-26,Milk,C0160,5,80,69,0
2024-01-20,Butter,C0187,1,89,76,0
2024-02-16,Butter,C0191,3,98,82,0
2024-08-20,Eggs,C0120,9,99,88,0
2024-10-31,Sugar,C0220,1,43,30,0
2024-01-14,Eggs,C0053,5,42,23,0
2024-05-22,Bread,C0222,2,29,23,0
2024-01-01,Bread,C0131,4,73,58,0
2024-02-23,Dal,C0237,1,60,45,1
2024-09-15,Dal,C0246,3,68,56,0
2024-05-23,Sugar,C0226,7,36,25,0
2024-01-12,Dal,C0208,3,75,65,0
2024-11-25,Bread,C0096,4,64,55,0
2024-08-11,Butter,C0200,2,49,41,0
2024-09-28,Eggs,C0247,3,63,52,1
2024-12-23,Rice,C0072,9,93,86,0
2024-06-04,Oil,C0185,3,74,62,0
2024-01-08,Rice,C0006,5,38,32,0
2024-05-01,Rice,C0206,2,48,43,0
2024-12-13,Bread,C0032,4,21,6,0
2024-06-12,Rice,C0099,7,55,49,0
2024-03-30,Eggs,C0256,7,38,25,0
2024-05-15,Sugar,C0187,3,26,17,0
2024-07-04,Milk,C0076,5,45,30,0
2024-11-11,Dal,C0177,1,98,86,1
2024-06-26,Milk,C0287,1,57,50,0
2024-01-28,Butter,C0255,5,22,11,0
2024-08-07,Eggs,C0190,9,99,80,0
2024-12-22,Eggs,C0127,1,85,79,0
2024-02-10,Oil,C0287,1,90,78,1
2024-08-15,Eggs,C0254,4,62,44,1
2024-07-10,Dal,C0213,4,81,70,0
2024-05-24,Eggs,C0250,2,90,74,0
2024-07-19,Rice,C0084,9,43,34,0
2024-07-30,Oil,C0013,9,58,42,0
2024-08-07,Dal,C0045,2,87,72,0
2024-08-27,Sugar,C0127,9,63,55,0
2024-02-15,Sugar,C0114,6,24,19,0
2024-02-04,Sugar,C0276,8,74,65,1
2024-09-09,Sugar,C0205,4,49,33,0
2024-03-22,Rice,C0273,2,48,35,0
2024-09-12,Eggs,C0058,2,45,31,1
2024-07-15,Milk,C0219,9,45,37,0
2024-10-29,Dal,C0109,1,56,39,0
2024-01-10,Rice,C0279,7,72,59,0
2024-11-07,Sugar,C0174,3,49,33,0
2024-10-12,Butter,C0264,3,22,16,1
2024-08-29,Eggs,C0111,2,62,54,0
2024-09-07,Milk,C0187,6,26,13,0
2024-12-30,Butter,C0269,2,68,60,0
2024-01-05,Oil,C0229,4,92,83,1
2024-04-28,Butter,C0156,9,60,45,1
2024-10-15,Oil,C0189,9,96,84,0
2024-03-05,Oil,C0272,6,98,93,0
2024-05-25,Sugar,C0002,4,73,68,0
2024-08-11,Oil,C0246,7,88,75,0
2024-08-26,Bread,C0210,1,46,33,0
2024-06-25,Dal,C0286,4,27,19,0
2024-09-23,Dal,C0013,5,51,34,0
2024-12-06,Sugar,C0096,8,83,77,0
2024-10-08,Bread,C0221,2,29,12,0
2024-03-03,Butter,C0238,5,32,19,1
2024-08-04,Rice,C0094,6,82,64,0
2024-12-07,Butter,C0269,5,54,46,0
2024-11-10,Eggs,C0171,9,80,70,1
2024-10-09,Rice,C0094,1,73,57,0
2024-06-25,Oil,C0149,3,27,22,0
2024-04-07,Milk,C0112,2,48,32,0
2024-04-14,Rice,C0055,3,60,47,0
2024-04-08,Milk,C0116,9,49,40,0
2024-11-06,Dal,C0143,9,40,21,0
2024-01-06,Milk,C0201,2,95,88,0
2024-07-15,Dal,C0180,3,30,22,0
2024-12-16,Bread,C0202,4,21,16,0
2024-05-12,Bread,C0053,9,69,51,0
2024-12-23,Sugar,C0180,3,60,47,0
2024-09-15,Sugar,C0137,7,85,67,0
2024-01-23,Oil,C0182,3,22,10,0
2024-02-22,Rice,C0001,7,99,91,0
2024-06-13,Oil,C0044,7,70,64,0
2024-07-20,Dal,C0227,9,87,69,0
2024-03-23,Oil,C0098,2,44,31,0
2024-05-24,Milk,C0208,6,49,41,1
2024-03-25,Dal,C0265,9,30,17,0
2024-03-18,Sugar,C0288,2,36,22,0
2024-01-01,Bread,C0271,2,45,38,0
2024-02-20,Sugar,C0140,5,42,31,0
2024-06-21,Rice,C0237,8,75,64,0
2024-07-23,Dal,C0072,9,71,57,0
2024-09-16,Dal,C0155,2,67,50,0
2024-10-14,Milk,C0190,5,39,31,0
2024-02-03,Rice,C0268,7,21,15,1
2024-12-13,Bread,C0107,6,50,35,0
2024-04-04,Butter,C0232,6,46,33,1
2024-03-12,Dal,C0042,7,21,13,0
2024-02-08,Dal,C0190,3,97,85,0
2024-06-02,Milk,C0139,3,23,5,0
2024-09-06,Oil,C0103,9,32,26,0
2024-06-10,Eggs,C0171,8,54,42,1
2024-04-27,Bread,C0273,5,91,76,0
2024-09-15,Sugar,C0221,6,85,71,0
2024-11-01,Rice,C0213,1,25,16,0
2024-09-24,Dal,C0056,1,50,39,0
2024-02-23,Dal,C0102,4,29,18,0
2024-08-23,Sugar,C0192,2,40,24,1
2024-08-09,Bread,C0200,7,93,80,0
2024-09-07,Eggs,C0233,2,42,35,0
2024-11-08,Oil,C0227,2,22,8,0
2024-04-21,Dal,C0139,5,51,43,0
2024-09-11,Eggs,C0149,4,39,25,0
2024-10-29,Bread,C0115,8,93,85,0
2024-07-25,Sugar,C0063,4,48,29,1
2024-08-16,Milk,C0104,6,71,54,0
2024-12-06,Oil,C0156,5,65,51,0
2024-03-06,Rice,C0273,2,53,44,0
2024-03-15,Dal,C0006,8,80,62,0
2024-04-12,Bread,C0147,2,91,81,0
2024-07-10,Milk,C0184,9,90,71,0
2024-09-08,Rice,C0028,9,89,82,0
2024-08-13,Butter,C0038,3,30,13,0
2024-10-20,Bread,C0119,4,82,74,0
2024-11-01,Bread,C0293,8,40,33,0
2024-04-07,Rice,C0244,9,22,16,1
2024-12-03,Milk,C0068,3,29,15,0
2024-10-12,Butter,C0214,5,46,30,1
2024-11-30,Eggs,C0218,8,31,18,0
2024-12-12,Eggs,C0177,3,26,21,0
2024-11-03,Sugar,C0299,7,36,30,1
2024-09-05,Milk,C0164,8,84,72,1
2024-06-14,Oil,C0058,3,83,64,0
2024-11-30,Dal,C0269,2,45,34,0
2024-01-30,Rice,C0058,7,34,18,0
2024-09-03,Sugar,C0288,9,52,47,0
2024-04-15,Butter,C0105,1,81,72,0
2024-02-20,Rice,C0228,3,66,52,0
2024-03-21,Rice,C0247,5,54,44,0
2024-05-12,Milk,C0188,3,84,75,0
2024-10-11,Dal,C0083,1,91,83,0
2024-05-17,Oil,C0186,7,95,77,0
2024-07-02,Eggs,C0252,7,44,27,1
2024-11-25,Bread,C0238,8,76,71,0
2024-09-29,Bread,C0184,5,51,40,1
2024-12-05,Rice,C0284,5,82,69,0
2024-03-09,Eggs,C0210,5,31,21,0
2024-02-03,Eggs,C0296,1,82,75,0
2024-09-18,Dal,C0097,5,96,77,0
2024-02-22,Butter,C0208,6,20,6,0
2024-07-23,Butter,C0137,1,70,52,0
2024-05-05,Sugar,C0184,7,89,81,1
2024-08-22,Milk,C0076,1,27,13,0
2024-02-12,Dal,C0287,2,87,78,0
2024-08-27,Dal,C0142,2,24,5,0
2024-04-20,Milk,C0237,5,58,42,0
2024-09-05,Eggs,C0025,7,42,26,0
2024-05-30,Butter,C0290,1,87,82,1
2024-07-01,Butter,C0067,1,71,62,0
2024-12-01,Eggs,C0250,1,23,18,0
2024-04-04,Butter,C0118,6,66,53,0
2024-01-08,Rice,C0073,2,40,29,0
2024-12-25,Dal,C0282,1,75,68,0
2024-07-02,Bread,C0010,6,85,72,0
2024-10-07,Milk,C0211,2,78,72,0
2024-07-13,Butter,C0152,6,26,10,0
2024-12-17,Sugar,C0005,8,68,57,0
2024-07-13,Butter,C0195,2,35,22,0
2024-06-03,Butter,C0283,9,36,26,0
2024-04-02,Oil,C0113,8,94,80,0
2024-06-08,Rice,C0271,1,53,44,0
2024-03-01,Milk,C0163,7,52,36,0
2024-05-01,Oil,C0105,6,45,34,1
2024-02-20,Oil,C0181,6,85,67,0
2024-10-03,Sugar,C0044,6,82,63,0
2024-01-05,Dal,C0282,6,60,41,0
2024-04-01,Sugar,C0175,7,77,67,0
2024-06-18,Dal,C0162,3,98,89,1
2024-11-12,Dal,C0140,6,29,11,0
2024-01-22,Milk,C0132,3,34,28,0
2024-11-21,Butter,C0087,7,61,49,0
2024-01-01,Milk,C0176,7,76,57,0
2024-05-12,Rice,C0183,8,36,19,0
2024-08-20,Dal,C0129,2,79,68,0
2024-01-12,Oil,C0246,9,28,18,0
2024-12-11,Butter,C0089,5,55,46,0
2024-02-15,Bread,C0066,9,92,83,1
2024-02-03,Rice,C0158,5,99,86,0
2024-03-18,Milk,C0149,7,55,50,0
2024-08-05,Sugar,C0116,9,67,54,1
2024-10-27,Rice,C0214,4,70,60,0
2024-03-13,Rice,C0294,2,89,81,0
2024-10-08,Butter,C0253,9,93,79,0
2024-09-05,Rice,C0143,2,99,81,0
2024-02-16,Rice,C0250,3,87,76,0
2024-04-30,Bread,C0025,2,41,28,0
2024-08-01,Eggs,C0277,3,96,87,0
2024-08-26,Sugar,C0070,6,99,81,1
2024-02-25,Sugar,C0113,3,25,16,0
2024-12-15,Sugar,C0112,8,45,33,0
2024-04-16,Dal,C0091,6,94,83,0
2024-11-14,Oil,C0018,7,22,5,0
2024-02-17,Eggs,C0149,1,71,54,0
2024-03-01,Sugar,C0227,3,93,81,0
2024-12-02,Rice,C0214,3,79,64,0
2024-01-26,Rice,C0151,2,82,66,1
2024-10-18,Sugar,C0192,7,84,70,0
2024-09-13,Butter,C0040,9,71,65,0
2024-01-08,Sugar,C0242,4,95,82,1
2024-04-22,Rice,C0138,5,33,26,0
2024-12-20,Dal,C0180,3,91,81,0
2024-09-09,Milk,C0200,9,87,77,0
2024-06-28,Milk,C0203,4,47,41,0
2024-07-25,Eggs,C0061,5,90,74,1
2024-10-29,Eggs,C0192,1,29,12,0
2024-05-06,Sugar,C0005,2,76,65,0
2024-02-25,Bread,C0237,9,85,72,0
2024-08-01,Sugar,C0181,2,69,53,0
2024-01-14,Butter,C0037,5,33,19,0
2024-01-28,Sugar,C0056,8,35,20,0
2024-03-18,Eggs,C0237,3,73,68,0
2024-08-03,Milk,C0197,6,62,50,0
2024-12-30,Rice,C0073,4,61,55,0
2024-06-02,Sugar,C0059,7,41,23,0
2024-01-14,Rice,C0240,3,87,82,0
2024-07-05,Rice,C0002,6,38,26,1
2024-11-07,Bread,C0188,9,85,79,1
2024-01-07,Rice,C0030,1,58,48,0
2024-01-03,Milk,C0267,3,92,73,1
2024-04-20,Dal,C0108,2,38,28,0
2024-08-25,Dal,C0090,8,35,26,0
2024-12-28,Oil,C0205,7,73,61,0
2024-08-26,Butter,C0220,2,44,37,0
2024-09-30,Sugar,C0094,6,37,20,0
2024-10-20,Butter,C0103,3,42,28,0
2024-08-14,Milk,C0223,8,30,11,1
2024-01-15,Rice,C0186,3,58,50,0
2024-07-10,Dal,C0184,9,87,76,0
2024-04-28,Butter,C0162,1,44,25,0
2024-01-28,Milk,C0247,5,82,71,0
2024-07-20,Dal,C0031,3,49,32,0
2024-02-08,Rice,C0052,6,64,48,0
2024-09-29,Butter,C0076,2,80,62,0
2024-08-18,Dal,C0278,9,70,58,0
2024-03-26,Sugar,C0040,6,28,22,0
2024-05-05,Eggs,C0101,7,95,80,0
2024-10-26,Sugar,C0111,5,21,5,0
2024-01-25,Oil,C0249,9,24,18,0
2024-05-24,Oil,C0191,1,81,73,0
2024-01-13,Dal,C0182,5,88,71,1
2024-07-30,Eggs,C0209,6,71,57,0
2024-01-25,Milk,C0022,7,24,7,1
2024-03-08,Sugar,C0166,4,78,65,1
2024-03-07,Milk,C0099,1,87,73,0
2024-08-20,Eggs,C0208,8,28,12,0
2024-04-18,Milk,C0008,4,41,28,1
2024-05-25,Eggs,C0190,3,46,29,1
2024-04-20,Dal,C0175,7,29,12,0
2024-08-15,Milk,C0273,2,99,91,0
2024-04-20,Sugar,C0017,8,80,67,0
2024-02-03,Rice,C0090,6,70,51,0
2024-04-20,Oil,C0141,7,29,11,0
2024-09-20,Rice,C0145,5,25,18,0
2024-08-23,Milk,C0166,9,81,65,0
2024-03-23,Rice,C0078,5,24,15,0
2024-02-11,Sugar,C0262,5,89,75,0
2024-04-10,Sugar,C0163,3,82,69,0
2024-01-06,Milk,C0014,1,75,65,0
2024-06-28,Dal,C0239,2,78,71,1
2024-10-08,Rice,C0072,8,82,68,0
2024-11-15,Dal,C0143,1,78,65,0
2024-08-13,Dal,C0283,7,70,60,0
2024-11-10,Eggs,C0269,5,69,61,0
2024-12-30,Bread,C0241,3,23,5,0
2024-08-16,Milk,C0245,7,67,59,0
2024-10-15,Oil,C0163,9,51,39,0
2024-05-29,Sugar,C0060,2,70,59,0
2024-10-03,Sugar,C0006,8,71,66,0
2024-07-16,Milk,C0197,9,93,83,0
2024-03-10,Eggs,C0058,3,53,41,1
2024-04-21,Butter,C0217,2,55,48,0
2024-01-04,Butter,C0026,7,89,71,0
2024-12-15,Butter,C0005,5,62,49,0
2024-11-26,Eggs,C0020,5,35,21,0
2024-11-13,Oil,C0198,5,78,72,0
2024-12-15,Sugar,C0059,4,72,54,0
2024-04-04,Milk,C0242,5,38,28,0
2024-05-31,Eggs,C0146,4,60,44,0
2024-11-06,Sugar,C0273,6,66,61,1
2024-05-16,Dal,C0249,4,73,57,0
2024-09-03,Rice,C0014,2,74,59,0
2024-08-30,Rice,C0013,9,38,19,0
2024-01-31,Eggs,C0044,2,81,75,1
2024-02-09,Sugar,C0019,9,78,61,1
2024-08-16,Bread,C0063,6,84,75,0
2024-02-05,Oil,C0239,9,87,82,0
2024-08-10,Butter,C0100,9,47,35,0
2024-01-06,Oil,C0163,3,37,32,0
2024-11-17,Oil,C0122,1,45,28,0
2024-08-07,Eggs,C0044,1,38,25,0
2024-03-15,Dal,C0145,3,74,60,0
2024-01-04,Oil,C0050,5,76,61,1
2024-11-30,Rice,C0065,3,25,18,1
2024-05-13,Dal,C0288,9,20,4,0
2024-04-27,Milk,C0164,9,27,21,0
2024-04-03,Oil,C0141,3,70,51,1
2024-03-02,Oil,C0128,3,44,39,0
2024-07-12,Milk,C0239,5,66,53,0
2024-11-30,Oil,C0296,2,74,55,0
2024-07-21,Milk,C0187,6,83,75,0
2024-01-26,Dal,C0208,7,29,13,0
2024-06-21,Rice,C0220,9,75,70,0
2024-10-26,Milk,C0190,6,31,26,0
2024-05-12,Bread,C0284,3,52,41,0
2024-11-21,Eggs,C0237,5,90,84,0
2024-04-27,Eggs,C0194,4,36,25,0
2024-11-19,Milk,C0287,5,80,64,1
2024-10-01,Eggs,C0259,8,29,10,0
2024-07-30,Oil,C0246,8,50,39,0
2024-08-12,Butter,C0136,6,79,60,0
2024-01-20,Butter,C0280,1,89,75,0
2024-04-22,Eggs,C0271,8,36,18,0
2024-05-19,Dal,C0171,8,69,56,0
2024-02-16,Sugar,C0159,2,56,39,0
2024-01-01,Dal,C0201,4,81,70,0
2024-03-30,Sugar,C0045,2,99,82,0
2024-05-21,Butter,C0264,4,91,73,0
2024-11-15,Butter,C0071,7,96,91,0
2024-02-07,Milk,C0103,9,48,32,0
2024-10-19,Rice,C0125,8,51,34,0
2024-05-18,Bread,C0286,9,99,87,0
2024-12-21,Dal,C0230,8,30,18,0
2024-11-28,Oil,C0146,2,25,17,0
2024-09-15,Sugar,C0197,7,54,37,0
2024-06-09,Eggs,C0221,2,52,40,0
2024-06-26,Oil,C0060,2,37,29,0
2024-01-10,Rice,C0098,4,56,37,0
2024-09-17,Sugar,C0171,1,32,20,0
2024-05-17,Dal,C0173,5,93,84,1
2024-06-20,Milk,C0151,6,83,75,0
2024-01-13,Oil,C0122,9,20,10,0
2024-06-16,Rice,C0108,8,82,76,0
2024-05-09,Dal,C0004,2,53,37,0
2024-03-24,Butter,C0093,1,29,23,0
2024-11-16,Butter,C0006,2,26,20,0
2024-11-14,Dal,C0288,7,75,62,0
2024-04-10,Dal,C0106,4,99,80,1
2024-11-24,Dal,C0146,5,56,38,0
2024-09-29,Sugar,C0271,7,48,34,0
2024-09-21,Dal,C0096,3,31,24,0
2024-02-07,Oil,C0229,2,36,17,0
2024-04-03,Rice,C0202,7,67,53,0
2024-04-04,Sugar,C0212,5,45,37,0
2024-10-31,Dal,C0006,1,31,17,1
2024-03-09,Bread,C0112,1,40,24,0
2024-11-13,Eggs,C0106,9,61,49,0
2024-08-23,Bread,C0139,5,80,72,0
2024-11-29,Rice,C0299,1,77,62,0
2024-05-16,Butter,C0096,7,73,59,0
2024-03-16,Milk,C0297,9,53,39,0
2024-02-04,Milk,C0214,1,26,9,0
2024-01-01,Eggs,C0291,4,54,43,0
2024-10-22,Butter,C0022,3,34,25,0
2024-11-15,Sugar,C0193,5,84,71,0
2024-02-29,Sugar,C0150,7,44,36,0
2024-11-15,Sugar,C0247,8,78,71,0
2024-12-14,Milk,C0267,2,98,81,0
2024-11-23,Bread,C0251,7,25,19,0
2024-09-23,Milk,C0003,1,71,66,0
2024-12-26,Oil,C0076,7,98,83,1
2024-08-16,Dal,C0087,8,40,30,0
2024-09-26,Sugar,C0270,2,90,76,0
2024-11-11,Bread,C0225,9,51,45,0
2024-10-12,Rice,C0018,1,72,60,1
2024-10-17,Eggs,C0113,6,78,68,0
2024-07-31,Rice,C0251,1,88,72,0
2024-06-13,Dal,C0233,3,81,65,0
2024-01-05,Bread,C0279,6,23,14,0
2024-12-04,Milk,C0202,3,37,20,0
2024-03-18,Milk,C0083,8,75,69,0
2024-03-02,Oil,C0125,5,43,32,1
2024-05-11,Oil,C0175,2,85,79,1
2024-03-29,Milk,C0069,4,32,15,0
2024-08-24,Rice,C0047,9,81,63,0
2024-02-11,Eggs,C0256,4,73,64,0
2024-03-29,Sugar,C0215,8,34,28,0
2024-10-22,Rice,C0030,5,88,73,0
2024-11-23,Eggs,C0281,1,22,8,1
2024-10-21,Oil,C0237,7,56,41,0
2024-04-13,Dal,C0248,3,56,41,0
2024-01-14,Eggs,C0025,8,22,16,1
2024-10-14,Milk,C0074,3,82,63,0
2024-06-27,Oil,C0206,1,54,43,0
2024-05-04,Oil,C0094,5,71,58,0
2024-12-18,Sugar,C0127,2,47,38,0
2024-01-23,Milk,C0025,4,37,26,0
2024-03-03,Sugar,C0116,1,55,47,0
2024-05-22,Milk,C0048,9,52,46,0
2024-06-01,Sugar,C0226,6,83,76,1
2024-05-24,Eggs,C0266,8,45,39,1
2024-08-12,Rice,C0099,4,67,58,0
2024-11-04,Dal,C0011,9,59,49,0
2024-04-13,Dal,C0085,2,36,17,0
2024-04-13,Milk,C0214,9,59,40,0
2024-02-08,Bread,C0173,5,26,15,0
2024-07-16,Butter,C0209,6,76,69,1
2024-05-13,Oil,C0064,3,27,19,1
2024-03-07,Oil,C0258,4,75,63,0
2024-06-27,Milk,C0121,6,50,42,0
2024-02-11,Eggs,C0298,7,78,67,0
2024-01-15,Sugar,C0054,1,77,61,0
2024-04-20,Bread,C0272,7,31,21,0
2024-06-05,Rice,C0241,1,67,56,0
2024-10-15,Sugar,C0243,5,50,45,0
2024-08-18,Sugar,C0018,6,82,75,0
2024-06-05,Milk,C0187,2,93,83,1
2024-02-07,Milk,C0144,9,58,51,0
2024-04-06,Eggs,C0262,6,95,76,0
2024-10-15,Oil,C0239,7,39,21,0
2024-09-10,Milk,C0298,8,67,48,0
2024-07-14,Milk,C0076,1,90,72,0
2024-03-26,Milk,C0188,8,73,62,0
2024-11-17,Eggs,C0246,4,97,84,1
2024-01-10,Oil,C0130,8,94,87,0
2024-01-05,Rice,C0283,6,90,72,0
2024-05-02,Rice,C0079,9,48,43,0
2024-11-25,Butter,C0072,4,93,79,0
2024-12-18,Butter,C0263,2,92,73,0
2024-04-27,Milk,C0191,2,67,50,1
2024-10-20,Butter,C0063,5,93,83,0
2024-06-07,Oil,C0012,9,75,59,0
2024-10-29,Eggs,C0141,3,36,31,0
2024-08-15,Rice,C0254,8,28,23,0
2024-12-30,Sugar,C0043,4,53,35,0
2024-08-03,Rice,C0017,6,64,52,0
2024-07-02,Rice,C0063,6,28,15,0
2024-01-15,Oil,C0253,3,26,20,0
2024-06-05,Butter,C0292,5,35,22,1
2024-05-15,Sugar,C0008,3,38,29,0
2024-09-17,Oil,C0090,1,25,8,1
2024-06-05,Milk,C0208,7,30,18,0
2024-02-16,Eggs,C0292,4,95,84,1
2024-11-19,Dal,C0284,7,80,69,0
2024-11-27,Rice,C0118,3,61,53,0
2024-06-21,Dal,C0175,5,32,26,1
2024-05-09,Eggs,C0076,5,31,22,0
2024-04-04,Eggs,C0101,2,93,75,1
2024-04-24,Oil,C0151,2,39,24,1
2024-08-30,Oil,C0270,4,69,54,0
2024-10-18,Oil,C0071,4,55,48,0
2024-10-08,Dal,C0180,4,88,69,0
2024-10-25,Oil,C0124,6,56,38,0
2024-10-09,Eggs,C0293,2,31,18,0
2024-03-09,Milk,C0285,6,59,49,0
2024-05-27,Oil,C0195,7,73,68,0
2024-01-11,Bread,C0228,3,21,14,1
2024-09-10,Butter,C0275,8,69,53,0
2024-11-25,Dal,C0106,2,60,52,0
2024-12-25,Bread,C0021,8,64,51,1
2024-02-07,Oil,C0064,5,28,13,0
2024-05-13,Eggs,C0165,2,81,71,0
2024-07-18,Milk,C0027,7,66,58,0
2024-01-23,Rice,C0285,2,24,19,0
2024-10-29,Sugar,C0148,6,95,83,0
2024-12-11,Butter,C0281,3,20,2,0
2024-10-28,Sugar,C0164,9,63,48,1
2024-12-28,Oil,C0224,3,41,35,0
2024-08-05,Butter,C0272,3,57,42,0
2024-05-20,Butter,C0146,5,38,19,0
2024-04-13,Milk,C0030,7,99,84,0
2024-07-28,Butter,C0045,8,50,38,1
2024-04-20,Dal,C0275,7,86,76,0
2024-04-13,Bread,C0034,9,61,49,0
2024-11-11,Bread,C0141,5,45,35,0
2024-06-19,Bread,C0221,3,32,23,1
2024-12-21,Dal,C0022,6,77,68,0
2024-11-19,Sugar,C0180,5,37,19,0
2024-05-12,Milk,C0231,4,86,68,0
2024-10-19,Butter,C0038,2,22,8,0
2024-11-23,Dal,C0070,7,74,60,0
2024-05-06,Bread,C0116,5,77,62,0
2024-04-15,Oil,C0239,4,82,70,0
2024-04-01,Rice,C0148,8,71,60,0
2024-10-13,Butter,C0009,9,43,31,0
2024-02-20,Dal,C0288,9,91,75,0
2024-01-29,Eggs,C0050,3,28,16,0
2024-10-22,Dal,C0005,3,56,45,0
2024-10-23,Milk,C0126,5,72,66,0
2024-08-01,Milk,C0075,5,99,84,0
2024-09-23,Dal,C0165,2,43,24,0
2024-09-13,Bread,C0278,1,40,27,0
2024-10-28,Rice,C0300,8,59,42,0
2024-04-10,Butter,C0290,3,81,70,1
2024-12-11,Milk,C0077,1,89,73,0
2024-04-19,Butter,C0298,1,88,73,0
2024-06-30,Bread,C0137,2,33,14,0
2024-11-08,Butter,C0106,6,61,51,1
2024-01-01,Oil,C0095,6,69,56,0
2024-11-14,Milk,C0135,3,80,63,0
2024-02-24,Bread,C0068,4,23,18,0
2024-05-28,Bread,C0147,2,91,76,0
2024-11-04,Rice,C0159,2,94,88,0
2024-05-16,Rice,C0163,7,36,19,0
2024-07-20,Oil,C0189,1,76,71,0
2024-11-08,Bread,C0095,7,67,53,0
2024-04-26,Sugar,C0181,1,63,47,1
2024-06-02,Bread,C0288,6,64,57,0
2024-10-17,Rice,C0187,3,99,84,0
2024-03-03,Sugar,C0138,8,52,43,1
2024-08-31,Milk,C0130,6,50,45,1
2024-01-25,Milk,C0194,2,66,58,1
2024-03-30,Butter,C0273,8,25,7,1
2024-03-15,Dal,C0144,5,91,74,1
2024-10-20,Rice,C0016,8,90,78,0
2024-07-28,Dal,C0245,8,53,43,0
2024-12-12,Sugar,C0107,6,72,55,0
2024-01-17,Rice,C0088,2,33,28,0
2024-05-07,Oil,C0129,8,35,19,0
2024-12-29,Bread,C0004,6,62,57,1
2024-09-07,Oil,C0095,6,92,85,0
2024-06-27,Sugar,C0209,8,93,75,1
2024-06-30,Rice,C0225,1,31,17,0
2024-05-31,Eggs,C0047,2,89,70,0
2024-01-25,Sugar,C0181,9,38,26,0
2024-06-28,Eggs,C0106,8,60,45,0
2024-07-16,Bread,C0199,7,72,57,0
2024-12-09,Milk,C0106,7,48,30,0
2024-06-09,Milk,C0280,5,89,77,0
2024-06-25,Sugar,C0260,2,78,61,0
2024-10-11,Dal,C0108,6,83,76,0
2024-03-03,Rice,C0019,3,43,32,0
2024-05-29,Rice,C0296,4,35,19,0
2024-06-02,Milk,C0171,2,71,64,0
2024-06-04,Butter,C0195,2,99,91,0
2024-02-18,Oil,C0012,8,25,12,0
2024-12-02,Butter,C0195,8,56,39,0
2024-03-24,Bread,C0283,6,23,15,0
2024-12-26,Oil,C0182,5,57,50,0
2024-06-25,Oil,C0144,8,60,51,1
2024-05-27,Sugar,C0182,4,33,22,1
2024-04-27,Milk,C0030,4,90,81,0
2024-12-07,Butter,C0084,5,70,62,0
2024-03-03,Butter,C0166,1,84,72,0
2024-07-07,Milk,C0284,1,71,63,0
2024-12-25,Butter,C0281,2,49,43,0
2024-02-18,Eggs,C0096,8,76,62,1
2024-11-22,Milk,C0266,7,98,81,0
2024-09-13,Sugar,C0298,9,49,31,0
2024-08-11,Dal,C0296,5,61,51,0
2024-05-20,Oil,C0225,2,30,24,0
2024-08-02,Sugar,C0042,7,46,39,0
2024-07-29,Rice,C0246,8,43,38,0
2024-11-13,Bread,C0208,7,58,49,1
2024-02-01,Dal,C0237,7,91,78,0
2024-06-06,Rice,C0022,5,37,31,1
2024-10-11,Oil,C0185,2,96,80,1
2024-10-31,Butter,C0242,6,64,53,0
2024-10-12,Milk,C0283,4,31,22,0
2024-05-23,Oil,C0041,2,68,62,0
2024-01-19,Sugar,C0162,9,50,38,0
2024-01-18,Bread,C0160,7,41,26,0
2024-09-13,Sugar,C0089,6,63,44,1
2024-03-18,Dal,C0012,5,83,66,0
2024-06-23,Dal,C0073,3,96,79,0
2024-07-12,Bread,C0076,4,44,34,0
2024-04-22,Eggs,C0201,3,70,62,0
2024-04-23,Rice,C0010,8,26,9,0
2024-08-09,Rice,C0226,3,25,17,0
2024-06-14,Dal,C0176,7,43,37,0
2024-11-14,Dal,C0276,7,38,31,0
2024-05-11,Butter,C0039,7,28,9,1
2024-09-20,Milk,C0060,7,55,44,0
2024-02-24,Butter,C0066,2,59,52,1
2024-12-24,Butter,C0124,3,43,26,0
2024-05-10,Eggs,C0164,9,67,58,0
2024-10-14,Rice,C0159,3,82,68,0
2024-09-22,Eggs,C0057,2,88,78,0
2024-06-10,Eggs,C0078,9,72,62,0
2024-03-27,Bread,C0194,9,73,55,0
2024-02-24,Rice,C0285,4,61,53,0
2024-10-14,Milk,C0015,9,64,54,0
2024-06-26,Sugar,C0012,3,33,26,0
2024-12-14,Dal,C0101,7,48,37,0
2024-01-08,Dal,C0156,7,25,14,0
2024-11-16,Milk,C0125,8,26,18,1
2024-11-08,Eggs,C0280,4,56,50,0
2024-09-03,Butter,C0110,3,72,57,0
2024-11-18,Bread,C0146,3,37,26,1
2024-09-11,Eggs,C0216,5,57,50,0
2024-11-23,Dal,C0162,1,78,59,1
2024-02-23,Oil,C0128,3,20,15,0
2024-09-05,Butter,C0150,6,87,81,1
2024-08-26,Dal,C0036,3,63,49,0
2024-08-16,Oil,C0173,5,66,53,1
2024-03-07,Eggs,C0022,9,54,38,0
2024-02-20,Milk,C0206,2,79,60,0
2024-04-06,Milk,C0127,2,71,59,0
2024-04-01,Butter,C0217,6,27,8,0
2024-09-20,Dal,C0096,6,99,80,0
2024-10-17,Rice,C0164,8,60,42,0
2024-04-05,Oil,C0148,2,22,12,1
2024-03-28,Bread,C0018,9,88,70,0
2024-03-18,Dal,C0294,2,33,23,1
2024-10-14,Bread,C0195,1,45,27,0
2024-04-29,Dal,C0151,2,89,84,1
2024-10-28,Rice,C0123,7,77,71,1
2024-06-13,Rice,C0187,8,59,51,0
2024-06-30,Butter,C0149,5,70,63,1
2024-08-10,Butter,C0104,6,24,6,0
2024-11-06,Rice,C0243,1,96,91,0
2024-01-07,Sugar,C0231,6,51,39,0
2024-11-25,Rice,C0206,8,99,88,0
2024-09-19,Milk,C0198,3,20,12,0
2024-06-09,Milk,C0087,1,96,80,0
2024-05-30,Sugar,C0142,4,73,57,0
2024-03-25,Eggs,C0199,1,30,17,0
2024-05-26,Oil,C0046,8,72,57,0
2024-04-21,Eggs,C0288,5,27,9,1
2024-02-05,Bread,C0015,1,44,36,1
2024-10-11,Eggs,C0044,8,59,54,0
2024-07-06,Dal,C0169,9,51,32,0
2024-03-22,Eggs,C0044,2,47,33,0
2024-01-02,Dal,C0098,9,97,78,0
2024-10-29,Sugar,C0261,8,22,17,0
2024-07-15,Milk,C0109,7,98,93,0
2024-01-11,Butter,C0283,3,81,76,0
2024-08-21,Dal,C0104,2,46,38,0
2024-07-13,Milk,C0256,7,64,59,0
2024-04-28,Oil,C0206,5,44,38,0
2024-01-20,Bread,C0043,6,80,72,1
2024-09-17,Oil,C0245,4,63,52,0
2024-10-19,Sugar,C0287,2,65,59,0
2024-09-12,Eggs,C0273,9,33,21,1
2024-08-09,Eggs,C0083,3,27,10,0
2024-08-13,Rice,C0110,7,67,56,0
2024-02-22,Rice,C0190,8,33,20,0
2024-12-20,Rice,C0288,2,84,66,0
2024-12-07,Oil,C0251,6,99,89,0
2024-12-29,Dal,C0212,8,26,18,0
2024-10-06,Bread,C0291,7,98,88,0
2024-03-21,Rice,C0133,3,68,49,0
2024-07-20,Sugar,C0201,1,74,66,0
2024-06-06,Sugar,C0285,6,32,21,1
2024-04-29,Rice,C0095,8,92,79,0
2024-02-28,Eggs,C0278,6,75,68,0
2024-08-02,Rice,C0219,5,75,68,0
2024-05-07,Bread,C0089,8,34,28,0
2024-08-11,Rice,C0072,2,76,71,0
2024-07-27,Bread,C0247,1,77,59,0
2024-04-24,Sugar,C0129,1,54,49,0
2024-07-27,Rice,C0212,4,35,18,0
2024-01-14,Oil,C0096,6,27,20,0
2024-01-09,Butter,C0075,9,64,46,0
2024-02-09,Oil,C0054,1,59,48,0
2024-08-24,Sugar,C0054,1,73,54,0
2024-10-07,Bread,C0218,5,33,18,1
2024-12-24,Oil,C0016,5,78,65,0
2024-07-19,Bread,C0099,5,72,54,0
2024-09-02,Oil,C0020,6,46,40,0
2024-10-04,Oil,C0046,8,66,55,1
2024-08-22,Bread,C0193,3,99,94,0
2024-01-04,Dal,C0058,9,25,19,0
2024-06-02,Oil,C0111,1,74,64,1
2024-01-29,Rice,C0129,4,63,48,1
2024-04-18,Butter,C0194,9,37,28,0
2024-04-07,Sugar,C0008,8,35,23,0
2024-08-02,Dal,C0029,9,31,15,0
2024-10-19,Bread,C0112,1,39,24,0
2024-03-15,Dal,C0161,9,64,58,1
2024-11-21,Milk,C0131,3,83,78,0
2024-05-25,Milk,C0188,9,78,67,1
2024-05-07,Oil,C0163,1,41,31,0
2024-12-06,Oil,C0197,1,66,54,0
2024-02-11,Rice,C0204,9,48,33,0
2024-12-21,Butter,C0212,6,64,45,0
2024-02-10,Sugar,C0109,4,96,77,0
2024-02-03,Dal,C0276,7,28,11,0
2024-01-17,Milk,C0073,5,43,25,0
2024-06-13,Oil,C0167,7,34,22,0
2024-06-01,Eggs,C0260,8,55,49,0
2024-03-16,Eggs,C0243,8,32,14,0
2024-03-27,Sugar,C0275,1,63,51,0
2024-04-26,Dal,C0102,8,90,80,0
2024-12-27,Oil,C0173,6,91,78,0
2024-12-07,Oil,C0171,4,97,81,0
2024-01-27,Milk,C0141,8,95,84,0
2024-11-08,Milk,C0188,3,55,49,0
2024-10-13,Oil,C0086,4,80,68,0
2024-05-13,Bread,C0052,6,59,46,0
2024-08-06,Oil,C0111,7,46,35,0
2024-06-16,Sugar,C0043,4,20,12,0
2024-04-07,Oil,C0211,4,53,40,0
2024-09-24,Rice,C0200,7,87,79,1
2024-08-24,Butter,C0298,6,40,24,0
2024-11-04,Rice,C0240,8,52,44,0
2024-06-21,Rice,C0115,1,26,13,0
2024-07-08,Bread,C0026,7,84,66,0
2024-05-01,Bread,C0299,7,22,10,1
2024-02-15,Eggs,C0077,7,70,62,0
2024-03-04,Oil,C0137,7,98,80,0
2024-05-09,Rice,C0020,8,73,61,0
2024-11-05,Bread,C0211,9,99,80,0
2024-12-28,Milk,C0240,9,93,81,0
2024-07-11,Oil,C0039,2,78,67,0
2024-11-02,Sugar,C0268,7,25,11,0
2024-06-29,Butter,C0207,7,48,31,0
2024-10-18,Dal,C0267,4,36,26,0
2024-10-08,Oil,C0154,9,79,67,0
2024-01-29,Dal,C0042,8,41,30,0
2024-05-28,Rice,C0011,1,43,34,1
2024-09-23,Butter,C0294,2,70,54,0
2024-10-22,Dal,C0098,2,69,52,0
2024-01-11,Rice,C0275,8,30,13,0
2024-06-12,Milk,C0230,1,75,67,0
2024-04-22,Dal,C0220,4,90,72,0
2024-07-05,Butter,C0065,5,61,45,0
2024-10-21,Eggs,C0232,9,58,52,0
2024-08-19,Oil,C0052,7,88,73,0
2024-08-14,Rice,C0263,8,67,55,1
2024-11-05,Oil,C0267,9,76,63,0
2024-04-07,Butter,C0154,7,40,32,1
2024-02-24,Bread,C0140,5,39,31,0
2024-04-20,Rice,C0051,5,34,25,1
2024-05-31,Dal,C0117,6,88,82,0
2024-09-02,Rice,C0046,5,96,85,0
2024-03-09,Oil,C0088,9,70,51,0
2024-11-07,Milk,C0208,3,95,86,0
2024-10-15,Rice,C0269,3,81,71,0
2024-09-06,Dal,C0089,7,56,48,0
2024-02-05,Bread,C0118,7,25,13,0
2024-08-26,Eggs,C0054,6,90,78,0
2024-05-27,Sugar,C0116,3,45,29,0
2024-08-14,Milk,C0118,7,27,18,0
2024-08-31,Eggs,C0260,5,92,76,0
2024-12-02,Bread,C0075,7,23,13,1
2024-12-30,Rice,C0007,2,40,33,0
2024-07-19,Oil,C0122,6,50,45,1
2024-06-02,Butter,C0011,8,40,27,0
2024-03-13,Oil,C0215,1,44,31,0
2024-07-19,Eggs,C0279,4,34,27,0
2024-10-22,Dal,C0028,1,54,46,0
2024-01-17,Oil,C0235,1,68,51,0
2024-05-08,Milk,C0026,8,62,51,0
2024-08-04,Oil,C0054,7,60,54,0
2024-03-01,Dal,C0029,1,56,40,0
2024-04-13,Sugar,C0164,2,76,69,0
2024-02-11,Rice,C0270,4,61,51,0
2024-01-25,Butter,C0035,1,66,51,0
2024-02-08,Eggs,C0286,3,80,68,0
2024-10-17,Rice,C0273,8,33,14,0
2024-05-10,Oil,C0208,8,87,82,0
2024-08-16,Bread,C0238,8,72,64,0
2024-04-17,Rice,C0093,6,53,34,0
2024-06-20,Sugar,C0173,6,95,90,0
2024-04-11,Oil,C0079,5,43,37,0
2024-12-19,Butter,C0110,9,39,27,0
2024-01-12,Dal,C0217,4,88,78,0
2024-10-01,Sugar,C0106,7,49,36,0
2024-04-10,Oil,C0047,1,26,20,0
2024-02-13,Sugar,C0181,9,55,48,0
2024-10-31,Rice,C0064,7,57,44,0
2024-01-17,Butter,C0246,9,99,86,1
2024-11-25,Dal,C0244,7,71,54,0
2024-02-26,Oil,C0087,2,34,24,0
2024-11-06,Milk,C0217,6,65,47,0
2024-10-29,Eggs,C0007,4,42,23,0
2024-01-12,Dal,C0278,3,31,24,1
2024-11-13,Milk,C0210,2,63,54,0
2024-03-20,Sugar,C0169,6,34,15,1
2024-08-03,Bread,C0138,8,68,62,0
2024-12-04,Dal,C0230,6,40,29,0
2024-09-20,Sugar,C0161,9,34,20,0
2024-05-28,Milk,C0001,5,33,18,0
2024-03-21,Rice,C0236,2,61,49,0
2024-08-02,Rice,C0188,8,99,89,0
2024-07-16,Bread,C0004,9,34,22,0
2024-07-18,Eggs,C0132,4,82,76,1
2024-01-25,Dal,C0218,6,87,80,0
2024-03-29,Dal,C0260,8,46,35,0
2024-09-24,Dal,C0001,9,72,58,0
2024-05-22,Eggs,C0071,5,71,55,0
2024-02-28,Sugar,C0178,6,82,77,0
2024-12-30,Butter,C0189,4,92,81,0
2024-01-26,Butter,C0291,5,72,62,0
2024-02-16,Bread,C0008,7,76,64,0
2024-10-14,Dal,C0253,9,71,60,0
2024-09-22,Sugar,C0292,6,62,54,0
2024-01-16,Rice,C0244,6,26,19,1
2024-07-17,Milk,C0123,8,61,54,0
2024-10-08,Sugar,C0299,4,23,4,0
2024-03-26,Eggs,C0283,3,88,80,0
2024-09-06,Butter,C0032,7,24,5,0
2024-09-26,Butter,C0146,5,94,81,0
2024-11-30,Rice,C0156,2,99,86,0
2024-04-26,Rice,C0016,2,60,43,0
2024-01-07,Eggs,C0047,6,23,17,0
2024-05-16,Milk,C0251,8,21,12,0
2024-06-24,Rice,C0187,1,86,81,0
2024-11-23,Bread,C0031,6,40,32,0
2024-11-10,Milk,C0260,2,89,83,0
2024-08-02,Rice,C0017,2,62,50,0
2024-03-22,Oil,C0039,7,88,80,1
2024-08-10,Sugar,C0039,1,28,19,0
2024-04-12,Rice,C0132,6,47,32,0
2024-09-29,Bread,C0030,7,45,37,0
2024-01-14,Dal,C0158,8,22,13,0
2024-06-07,Rice,C0278,7,92,83,0
2024-05-31,Butter,C0203,6,68,59,1
2024-04-17,Butter,C0066,9,36,21,1
2024-07-06,Butter,C0108,3,82,75,0
2024-10-27,Dal,C0268,6,74,63,0
2024-04-07,Butter,C0222,4,42,35,0
2024-05-10,Oil,C0292,2,53,47,0
2024-10-19,Rice,C0018,1,88,81,0
2024-06-19,Eggs,C0090,1,34,19,0
2024-07-01,Butter,C0181,3,66,59,0
2024-12-29,Milk,C0255,4,22,10,0
2024-02-08,Eggs,C0253,2,47,39,0
2024-01-15,Dal,C0257,1,22,15,0
2024-01-04,Oil,C0087,4,23,9,0
2024-12-14,Milk,C0090,7,50,41,0
2024-07-28,Milk,C0237,6,64,56,0
2024-06-09,Milk,C0070,6,78,65,0
2024-01-16,Milk,C0044,9,64,52,0
2024-04-17,Eggs,C0200,2,94,79,0
2024-11-06,Eggs,C0152,4,56,45,0
2024-08-14,Rice,C0086,5,84,65,1
2024-06-18,Butter,C0019,1,28,16,0
2024-02-03,Sugar,C0101,8,36,19,0
2024-09-07,Rice,C0095,8,84,75,0
2024-09-03,Rice,C0254,6,22,14,1
2024-09-25,Oil,C0030,5,45,34,0
2024-05-20,Oil,C0249,8,72,67,1
2024-09-30,Butter,C0033,3,50,40,0
2024-04-05,Sugar,C0229,3,45,26,1
2024-08-14,Oil,C0012,2,42,30,0
2024-02-08,Butter,C0118,5,49,38,0
2024-10-28,Butter,C0155,3,29,23,1
2024-01-29,Eggs,C0246,3,91,73,1
2024-11-13,Bread,C0247,6,83,66,0
2024-09-01,Eggs,C0029,8,41,23,0
2024-08-23,Sugar,C0161,2,34,23,0
2024-07-03,Oil,C0235,4,75,58,0
2024-09-28,Sugar,C0190,7,93,83,0
2024-08-23,Rice,C0117,1,39,22,1
2024-08-26,Rice,C0271,1,66,57,0
2024-09-22,Sugar,C0258,7,72,64,0
2024-12-24,Bread,C0180,7,72,67,0
2024-12-05,Bread,C0172,1,20,3,0
2024-03-05,Eggs,C0274,1,21,15,0
2024-06-25,Sugar,C0259,4,77,58,0
2024-01-03,Oil,C0135,5,38,27,0
2024-05-21,Eggs,C0171,5,81,67,0
2024-06-06,Dal,C0210,4,97,90,0
2024-11-19,Bread,C0236,8,91,82,0
2024-05-25,Milk,C0186,7,31,19,1
2024-10-19,Eggs,C0095,9,45,28,0
2024-06-01,Rice,C0011,7,46,29,0
2024-07-11,Eggs,C0068,1,48,36,0
2024-03-13,Sugar,C0210,7,34,24,0
2024-10-31,Milk,C0196,1,65,56,0
2024-12-09,Sugar,C0098,7,20,3,0
2024-05-19,Butter,C0093,8,79,73,0
2024-07-05,Rice,C0022,9,76,63,0
2024-10-19,Rice,C0172,3,22,17,0
2024-03-01,Bread,C0134,4,37,22,1
2024-07-16,Eggs,C0025,4,71,65,0
2024-10-21,Bread,C0185,9,79,62,1
2024-11-14,Milk,C0085,7,53,48,0
2024-10-28,Eggs,C0055,3,79,63,0
2024-12-09,Butter,C0251,5,45,37,0
2024-01-11,Sugar,C0144,7,91,83,0
2024-03-02,Butter,C0167,8,38,29,0
2024-11-28,Rice,C0224,1,41,32,0
2024-08-13,Milk,C0220,2,52,40,0
2024-06-01,Dal,C0179,7,57,42,0
2024-07-17,Milk,C0119,2,54,35,1
2024-02-21,Oil,C0265,7,86,71,0
2024-09-16,Milk,C0150,9,29,22,0
2024-02-28,Butter,C0215,2,34,24,0
2024-03-12,Oil,C0197,7,30,14,0
2024-05-27,Oil,C0042,4,43,26,0
2024-12-14,Eggs,C0053,2,96,80,0
2024-03-03,Eggs,C0251,7,23,16,0
2024-11-05,Oil,C0295,5,32,15,0
2024-08-30,Dal,C0271,1,92,86,0
2024-11-25,Eggs,C0123,5,76,64,0
2024-04-16,Milk,C0266,3,56,51,1
2024-08-13,Butter,C0029,7,67,54,0
2024-11-08,Milk,C0035,6,90,75,0
2024-08-05,Dal,C0006,8,20,9,1
2024-08-28,Rice,C0111,5,79,63,0
2024-09-15,Bread,C0294,2,31,17,0
2024-09-18,Butter,C0077,9,40,23,0
2024-01-05,Eggs,C0147,8,30,11,0
2024-09-17,Butter,C0067,6,63,47,1
2024-02-23,Milk,C0008,7,77,62,0
2024-02-16,Bread,C0122,9,63,55,0
2024-08-02,Sugar,C0175,7,97,90,0
2024-06-25,Sugar,C0179,3,53,43,1
2024-01-09,Eggs,C0085,6,44,31,0
2024-04-08,Dal,C0045,7,23,4,0
2024-01-20,Sugar,C0136,2,83,70,1
2024-08-28,Butter,C0016,3,35,27,0
2024-03-01,Sugar,C0195,4,29,15,0
2024-06-26,Rice,C0009,6,85,76,0
2024-12-03,Rice,C0015,1,54,39,0
2024-03-02,Eggs,C0102,9,25,8,0
2024-05-24,Rice,C0226,5,38,25,0
2024-08-03,Sugar,C0278,7,78,72,0
2024-01-03,Dal,C0113,9,72,66,0
2024-06-08,Oil,C0001,9,27,18,0
2024-08-14,Oil,C0266,1,97,92,0
2024-09-25,Eggs,C0208,1,29,17,0
2024-04-29,Bread,C0110,3,86,77,1
2024-03-29,Oil,C0200,6,57,41,0
2024-11-24,Oil,C0012,2,48,34,1
2024-03-08,Rice,C0188,1,34,28,0
2024-12-22,Rice,C0154,1,42,26,0
2024-04-07,Sugar,C0279,5,65,52,0
2024-09-23,Eggs,C0171,4,47,41,0
2024-04-14,Bread,C0134,1,45,34,0
2024-11-18,Eggs,C0025,4,29,17,0
2024-05-02,Milk,C0018,3,66,48,1
2024-01-29,Butter,C0190,2,23,13,0
2024-05-16,Bread,C0141,9,74,56,0
2024-07-13,Bread,C0043,1,85,70,1
2024-08-13,Dal,C0284,7,86,75,1
2024-11-27,Eggs,C0146,4,26,11,1
2024-06-18,Sugar,C0092,5,74,69,0
2024-01-09,Dal,C0179,5,99,91,0
2024-02-09,Bread,C0056,1,50,33,0
2024-01-25,Bread,C0155,6,93,82,0
2024-09-17,Bread,C0160,9,38,33,0
2024-08-13,Oil,C0111,2,47,30,0
2024-05-03,Eggs,C0137,7,47,42,0
2024-02-07,Butter,C0232,6,38,23,0
2024-11-23,Butter,C0220,5,39,29,0
2024-09-07,Dal,C0068,4,32,24,0
2024-06-24,Bread,C0249,4,96,89,0
2024-03-30,Butter,C0006,6,62,46,0
2024-02-06,Rice,C0280,4,30,11,0
2024-11-11,Eggs,C0094,5,67,58,0
2024-06-24,Butter,C0269,6,34,21,0
2024-10-10,Sugar,C0197,5,36,22,0
2024-03-21,Eggs,C0025,7,73,59,0
2024-04-23,Sugar,C0148,9,69,53,1
2024-02-09,Butter,C0118,7,47,29,0
2024-10-27,Rice,C0066,7,23,5,0
2024-08-11,Sugar,C0175,4,41,25,0
2024-11-13,Oil,C0076,1,58,43,0
2024-12-14,Butter,C0114,8,53,39,0
2024-04-24,Oil,C0111,4,63,56,0
2024-07-04,Butter,C0249,1,61,52,0
2024-11-18,Milk,C0203,5,59,45,0
2024-02-25,Milk,C0147,8,31,22,0
2024-02-09,Milk,C0035,4,21,8,0
2024-12-19,Sugar,C0026,8,47,32,0
2024-02-09,Oil,C0238,8,93,77,0
2024-12-12,Oil,C0014,3,86,72,0
2024-08-24,Oil,C0045,9,90,75,0
2024-10-15,Rice,C0216,3,91,83,0
2024-09-18,Oil,C0233,1,95,90,0
2024-08-03,Rice,C0193,2,29,15,0
2024-05-26,Milk,C0051,6,76,67,0
2024-12-01,Milk,C0214,2,56,51,0
2024-06-16,Sugar,C0151,6,96,86,0
2024-04-01,Butter,C0275,1,83,67,0
2024-12-18,Milk,C0076,1,98,84,0
2024-02-28,Butter,C0220,5,59,45,1
2024-02-28,Butter,C0187,9,79,60,0
2024-10-30,Eggs,C0289,8,67,56,0
2024-06-17,Sugar,C0028,3,38,33,0
2024-09-25,Bread,C0180,3,91,77,0
2024-12-28,Bread,C0253,1,52,44,1
2024-02-14,Dal,C0126,3,63,50,0
2024-12-10,Eggs,C0177,1,56,39,0
2024-06-29,Sugar,C0037,8,55,50,0
2024-06-18,Dal,C0099,1,40,27,0
2024-12-21,Dal,C0098,5,21,9,0
2024-07-09,Eggs,C0127,9,50,41,0
2024-06-03,Bread,C0168,7,49,39,0
2024-07-06,Sugar,C0080,4,95,84,0
2024-01-07,Bread,C0294,9,63,55,1
2024-05-12,Dal,C0126,9,31,13,0
2024-08-22,Sugar,C0150,2,70,52,0
2024-02-14,Dal,C0016,6,68,58,1
2024-11-09,Oil,C0028,4,43,32,0
2024-09-05,Eggs,C0173,8,43,28,1
2024-01-31,Butter,C0046,7,79,60,0
2024-01-23,Sugar,C0236,7,30,20,0
2024-06-08,Sugar,C0214,9,32,17,0
2024-12-28,Butter,C0085,5,91,74,0
2024-06-06,Dal,C0282,6,93,74,0
2024-02-08,Oil,C0232,1,91,75,0
2024-03-22,Rice,C0085,6,83,73,0
2024-12-21,Butter,C0065,2,39,33,0
2024-09-14,Eggs,C0134,6,91,82,0
2024-07-24,Bread,C0151,9,92,85,0
2024-03-17,Dal,C0115,8,90,79,1
2024-01-12,Butter,C0064,9,97,89,0
2024-10-21,Butter,C0158,8,47,42,0
2024-08-11,Sugar,C0077,3,21,5,0
2024-01-13,Bread,C0146,8,62,46,1
2024-02-15,Bread,C0225,6,27,17,1
2024-06-03,Eggs,C0103,6,32,22,0
2024-04-22,Bread,C0088,6,54,43,1
2024-08-20,Butter,C0168,3,42,23,0
2024-01-17,Rice,C0170,1,65,50,1
2024-12-25,Milk,C0135,4,34,22,0
2024-08-10,Dal,C0050,6,21,2,0
2024-12-19,Milk,C0134,2,80,73,0
2024-07-06,Butter,C0137,7,95,77,0
2024-12-09,Milk,C0245,7,83,73,0
2024-12-30,Butter,C0109,4,71,57,0
2024-06-11,Milk,C0287,4,55,49,1
2024-11-21,Bread,C0021,1,86,69,0
2024-03-14,Oil,C0090,2,88,70,0
2024-08-20,Bread,C0296,9,86,73,0
2024-08-11,Bread,C0112,8,66,60,0
2024-11-14,Eggs,C0077,8,21,14,0
2024-02-29,Sugar,C0177,9,63,47,0
2024-11-30,Sugar,C0148,7,83,64,0
2024-08-09,Milk,C0101,9,97,78,0
2024-02-06,Butter,C0246,2,47,30,0
2024-10-04,Eggs,C0117,6,73,59,1
2024-07-14,Bread,C0092,3,93,77,0
2024-12-17,Eggs,C0028,6,86,70,1
2024-08-29,Milk,C0025,3,55,49,0
2024-11-19,Sugar,C0058,8,82,69,0
2024-08-06,Oil,C0297,4,44,39,1
2024-07-10,Dal,C0134,6,67,58,0
2024-01-17,Milk,C0249,9,58,53,0
2024-01-12,Eggs,C0038,2,66,57,0
2024-07-11,Oil,C0075,2,40,28,0
2024-01-22,Dal,C0142,7,49,37,0
2024-04-29,Rice,C0168,2,50,35,0
2024-07-28,Milk,C0259,2,45,33,1
2024-11-01,Milk,C0225,4,41,35,0
2024-09-26,Rice,C0152,9,40,28,0
2024-07-10,Rice,C0019,8,20,4,0
2024-06-23,Milk,C0146,2,56,47,0
2024-10-11,Rice,C0241,8,96,77,1
2024-07-22,Bread,C0237,4,65,60,0
2024-06-12,Dal,C0035,2,28,17,0
2024-09-07,Dal,C0190,7,36,19,1
2024-08-14,Dal,C0001,6,66,56,0
2024-01-07,Bread,C0153,5,78,69,0
2024-01-29,Butter,C0126,1,73,68,0
2024-02-02,Rice,C0226,2,31,13,0
2024-05-13,Oil,C0221,8,83,65,0
2024-03-19,Rice,C0211,1,25,20,0
2024-02-27,Milk,C0025,3,72,62,0
2024-01-26,Sugar,C0016,2,35,21,0
2024-08-13,Eggs,C0182,5,24,8,0
2024-10-11,Eggs,C0129,4,92,81,0
2024-01-04,Dal,C0042,7,65,51,0
2024-04-08,Rice,C0236,5,33,19,1
2024-02-08,Oil,C0034,8,63,58,0
2024-09-27,Milk,C0045,4,82,69,0
2024-10-11,Bread,C0134,6,71,52,0
2024-06-05,Butter,C0021,4,45,37,0
2024-03-15,Bread,C0122,2,72,63,0
2024-10-14,Oil,C0070,1,48,42,0
2024-05-09,Milk,C0048,1,38,20,0
2024-06-23,Dal,C0039,8,66,50,0
2024-03-24,Rice,C0287,4,27,13,0
2024-01-22,Milk,C0010,5,42,25,0
2024-01-27,Eggs,C0030,8,54,42,0
2024-07-13,Butter,C0244,7,72,54,0
2024-12-02,Bread,C0274,8,77,71,0
2024-08-23,Butter,C0088,8,24,17,0
2024-04-01,Butter,C0244,6,35,16,0
2024-01-21,Oil,C0015,2,36,20,0
2024-10-29,Oil,C0004,6,51,32,0
2024-12-22,Rice,C0191,1,71,58,0
2024-03-24,Oil,C0168,1,39,33,1
2024-09-18,Oil,C0009,3,85,67,0
2024-05-26,Milk,C0109,3,20,10,0
2024-09-13,Eggs,C0137,5,77,61,0
2024-02-27,Dal,C0154,1,63,55,0
2024-01-15,Rice,C0209,6,25,14,0
2024-06-10,Milk,C0272,7,69,51,0
2024-06-11,Dal,C0143,3,91,73,0
2024-11-15,Butter,C0099,4,39,29,0
2024-10-07,Milk,C0069,3,33,19,0
2024-10-06,Sugar,C0247,1,24,6,0
2024-01-12,Milk,C0261,8,60,47,0
2024-09-30,Oil,C0276,2,59,41,0
2024-09-27,Dal,C0079,1,53,40,0
2024-07-26,Rice,C0146,8,99,85,1
2024-01-27,Rice,C0111,7,64,56,0
2024-03-12,Dal,C0258,7,90,85,0
2024-02-29,Oil,C0093,4,99,93,0
2024-05-24,Bread,C0013,9,90,78,0
2024-04-02,Milk,C0260,6,46,28,0
2024-11-04,Oil,C0109,2,97,83,0
2024-01-08,Sugar,C0189,1,97,85,0
2024-03-19,Eggs,C0095,1,63,45,0
2024-01-27,Butter,C0105,9,52,33,0
2024-06-22,Dal,C0008,4,52,46,1
2024-02-19,Eggs,C0067,5,63,55,0
2024-07-17,Milk,C0191,3,39,34,1
2024-12-14,Rice,C0256,4,55,44,0
2024-06-29,Butter,C0009,8,26,18,1
2024-01-24,Eggs,C0117,4,51,36,0
2024-11-11,Bread,C0267,9,86,68,1
2024-02-15,Eggs,C0099,9,58,46,0
2024-01-15,Sugar,C0298,6,43,30,0
2024-06-01,Rice,C0164,2,89,73,0
2024-08-09,Dal,C0141,7,73,60,0
2024-07-24,Milk,C0268,9,57,50,0
2024-09-29,Dal,C0037,6,93,84,1
2024-08-23,Butter,C0074,3,99,89,0
2024-12-05,Milk,C0073,7,94,84,0
2024-08-15,Oil,C0199,5,51,37,0
2024-01-09,Bread,C0130,1,64,52,0
2024-06-14,Oil,C0246,3,80,70,0
2024-11-14,Oil,C0060,5,89,79,0
2024-08-01,Dal,C0279,7,72,64,0
2024-04-26,Butter,C0103,3,70,59,0
2024-12-09,Bread,C0296,6,95,77,0
2024-03-12,Eggs,C0151,5,75,57,0
2024-03-04,Milk,C0157,1,46,34,0
2024-07-23,Milk,C0206,6,57,50,0
2024-07-27,Sugar,C0179,8,81,70,0
2024-03-12,Rice,C0197,1,37,30,0
2024-10-03,Sugar,C0223,2,83,71,0
2024-09-30,Eggs,C0089,4,96,91,0
2024-11-15,Sugar,C0287,2,49,44,0
2024-12-03,Milk,C0276,9,68,50,0
2024-04-04,Dal,C0236,8,60,50,0
2024-06-14,Oil,C0183,8,32,18,0
2024-02-01,Butter,C0209,4,53,40,0
2024-01-11,Oil,C0130,5,44,28,0
2024-10-27,Oil,C0153,4,85,67,0
2024-08-04,Bread,C0013,9,37,29,0
2024-10-15,Milk,C0122,2,24,14,1
2024-04-11,Eggs,C0220,8,38,22,0
2024-09-23,Eggs,C0106,2,61,52,0
2024-08-01,Butter,C0070,1,37,21,0
2024-06-27,Dal,C0195,3,51,32,0
2024-03-28,Bread,C0186,9,40,35,0
2024-02-10,Rice,C0099,3,29,19,0
2024-03-16,Dal,C0082,9,56,43,1
2024-02-15,Sugar,C0075,7,68,49,0
2024-06-08,Dal,C0192,1,32,13,0
2024-03-20,Dal,C0214,5,74,58,0
2024-11-05,Oil,C0144,9,36,29,0
2024-03-26,Dal,C0216,3,28,13,0
2024-04-01,Eggs,C0015,9,63,44,0
2024-05-27,Sugar,C0217,5,97,90,0
2024-06-09,Sugar,C0035,9,65,47,0
2024-07-20,Milk,C0183,6,27,21,1
2024-08-29,Dal,C0270,9,56,39,0
2024-12-18,Oil,C0100,7,38,30,0
2024-01-02,Dal,C0007,7,82,68,0
2024-08-12,Rice,C0030,8,65,58,0
2024-10-15,Rice,C0144,7,90,74,1
2024-08-20,Oil,C0111,9,45,39,0
2024-03-17,Milk,C0232,9,65,60,0
2024-04-25,Milk,C0179,6,65,58,0
2024-06-02,Sugar,C0072,7,94,80,0
2024-04-12,Sugar,C0210,2,33,23,0
2024-07-12,Bread,C0220,9,82,69,0
2024-06-14,Oil,C0080,1,91,76,1
2024-12-24,Dal,C0083,1,22,13,0
2024-03-30,Butter,C0042,3,47,28,0
2024-06-22,Oil,C0273,6,48,41,0
2024-05-01,Bread,C0191,5,37,19,0
2024-05-22,Sugar,C0173,2,54,45,0
2024-04-15,Oil,C0007,9,96,87,0
2024-10-31,Oil,C0155,4,95,86,0
2024-12-25,Sugar,C0010,4,66,50,0
2024-11-12,Eggs,C0034,5,24,8,0
2024-05-02,Bread,C0036,8,94,83,0
2024-01-09,Sugar,C0006,4,78,69,1
2024-09-18,Milk,C0215,5,94,83,0
2024-03-13,Dal,C0134,4,78,65,0
2024-12-24,Sugar,C0285,6,66,57,0
2024-08-10,Bread,C0126,3,32,26,0
2024-02-10,Rice,C0174,8,97,88,0
2024-07-22,Milk,C0152,6,52,40,0
2024-09-20,Rice,C0026,5,81,65,1
2024-11-23,Butter,C0115,2,98,90,0
2024-06-26,Sugar,C0284,7,35,29,1
2024-12-13,Milk,C0075,2,63,49,0
2024-11-13,Dal,C0166,1,77,70,0
2024-03-24,Sugar,C0189,7,25,12,0
2024-11-13,Dal,C0078,5,34,21,0
2024-04-20,Eggs,C0090,1,23,11,0
2024-09-07,Oil,C0176,4,75,63,0
2024-01-07,Rice,C0021,4,83,71,0
2024-03-24,Milk,C0054,7,87,75,0
2024-07-26,Dal,C0184,9,53,41,0
2024-11-09,Bread,C0222,2,75,70,0
2024-01-22,Dal,C0179,1,51,41,0
2024-01-03,Bread,C0276,2,28,12,0
2024-05-06,Sugar,C0112,7,82,69,0
2024-10-23,Milk,C0224,6,91,79,0
2024-07-06,Dal,C0214,4,97,90,0
2024-12-27,Butter,C0059,1,52,37,0
2024-01-14,Dal,C0109,1,40,35,1
2024-01-12,Eggs,C0157,5,74,68,1
2024-03-27,Butter,C0191,1,95,80,1
2024-01-12,Milk,C0200,7,76,57,0
2024-01-25,Eggs,C0196,1,21,15,0
2024-10-27,Dal,C0035,1,32,21,0
2024-08-30,Bread,C0246,2,23,7,0
2024-05-01,Dal,C0237,3,69,59,1
2024-05-26,Rice,C0104,1,67,52,0
2024-02-24,Sugar,C0007,9,97,91,0
2024-08-25,Oil,C0283,8,49,37,0
2024-12-21,Bread,C0001,5,48,29,0
2024-06-21,Rice,C0219,2,27,14,0
2024-08-08,Butter,C0230,5,31,12,0
2024-04-28,Sugar,C0172,6,60,49,1
2024-11-04,Milk,C0087,1,45,37,1
2024-07-01,Bread,C0041,4,69,52,0
2024-10-14,Oil,C0123,9,21,4,0
2024-11-02,Sugar,C0298,2,74,69,0
2024-10-26,Butter,C0178,5,75,67,0
2024-03-22,Eggs,C0063,1,33,25,1
2024-07-29,Eggs,C0165,4,25,13,0
2024-05-29,Oil,C0187,4,80,72,0
2024-02-06,Milk,C0209,6,31,23,0
2024-12-17,Milk,C0227,9,32,15,0
2024-11-07,Butter,C0048,3,38,32,0
2024-12-26,Bread,C0224,9,63,47,0
2024-02-28,Butter,C0003,6,78,64,0
2024-05-10,Dal,C0175,7,56,45,0
2024-07-20,Milk,C0099,2,44,25,0
2024-08-30,Sugar,C0116,6,35,27,0
2024-02-04,Dal,C0270,6,57,42,0
2024-04-02,Eggs,C0253,2,62,52,0
2024-07-25,Eggs,C0095,2,33,26,0
2024-12-18,Rice,C0273,2,25,14,0
2024-11-27,Oil,C0024,1,42,32,0
2024-10-31,Dal,C0116,5,79,72,1
2024-12-15,Oil,C0151,8,31,23,0
2024-07-31,Butter,C0050,2,32,18,0
2024-06-07,Dal,C0206,5,25,7,0
2024-01-24,Butter,C0079,8,82,73,0
2024-10-19,Rice,C0070,5,57,44,0
2024-01-04,Milk,C0027,2,69,51,1
2024-08-07,Eggs,C0271,3,71,61,0
2024-12-29,Rice,C0050,6,59,42,0
2024-01-20,Eggs,C0292,5,27,19,0
2024-05-31,Milk,C0247,4,80,65,0
2024-02-19,Butter,C0264,4,27,12,0
2024-06-25,Milk,C0079,5,53,42,0
2024-04-05,Eggs,C0190,2,98,92,0
2024-04-14,Eggs,C0047,9,79,71,0
2024-09-06,Oil,C0189,2,76,67,0
2024-04-26,Sugar,C0256,2,65,57,0
2024-12-19,Rice,C0222,9,41,33,0
2024-08-15,Dal,C0241,3,59,44,0
2024-03-06,Eggs,C0269,7,64,47,0
2024-11-30,Rice,C0001,4,74,61,0
2024-09-18,Oil,C0034,6,70,52,0
2024-10-21,Milk,C0079,4,24,9,0
2024-08-30,Oil,C0236,7,32,15,0
2024-07-04,Bread,C0098,1,47,41,0
2024-09-02,Bread,C0082,3,99,89,0
2024-05-04,Dal,C0192,3,81,63,0
2024-09-24,Oil,C0253,1,43,31,0
2024-05-10,Butter,C0038,6,26,14,0
2024-08-24,Dal,C0014,9,57,42,0
2024-01-18,Butter,C0209,8,56,45,0
2024-02-09,Dal,C0089,7,87,73,0
2024-01-21,Bread,C0056,8,61,46,0
2024-08-12,Dal,C0094,6,24,16,0
2024-12-20,Bread,C0093,9,83,72,0
2024-10-08,Eggs,C0085,3,69,52,0
2024-01-08,Milk,C0245,9,34,20,0
2024-04-09,Butter,C0022,4,92,82,0
2024-08-27,Oil,C0291,7,72,57,0
2024-03-27,Eggs,C0272,9,44,34,0
2024-10-24,Eggs,C0122,2,28,22,0
2024-01-14,Dal,C0128,2,57,45,0
2024-11-29,Bread,C0113,9,41,29,1
2024-01-02,Rice,C0273,3,68,50,0
2024-10-19,Butter,C0130,9,87,72,0
2024-11-20,Eggs,C0132,5,34,23,0
2024-02-10,Dal,C0085,6,84,69,0
2024-11-13,Sugar,C0081,2,73,60,0
2024-11-11,Milk,C0069,8,49,37,0
2024-04-20,Milk,C0148,9,39,21,0
2024-01-14,Rice,C0016,2,52,39,0
2024-08-18,Bread,C0105,6,96,77,0
2024-03-24,Dal,C0165,6,26,13,0
2024-05-09,Butter,C0201,8,27,17,0
2024-08-18,Bread,C0197,5,47,41,0
2024-11-21,Milk,C0185,9,64,48,1
2024-05-24,Bread,C0265,1,92,81,0
2024-12-10,Milk,C0100,9,99,92,0
2024-01-28,Bread,C0214,7,93,76,0
2024-03-06,Rice,C0278,4,30,19,0
2024-06-11,Oil,C0162,3,50,37,0
2024-08-16,Rice,C0157,6,31,17,0
2024-09-17,Rice,C0251,1,97,79,1
2024-06-12,Oil,C0097,3,70,56,0
2024-10-27,Oil,C0018,2,63,57,0
2024-10-29,Eggs,C0097,9,69,51,0
2024-10-13,Eggs,C0001,3,36,19,0
2024-01-10,Dal,C0216,2,54,44,0
2024-07-13,Butter,C0132,4,20,3,0
2024-04-27,Butter,C0260,2,48,38,0
2024-09-26,Dal,C0125,1,70,57,0
2024-03-20,Rice,C0082,6,83,66,0
2024-04-02,Rice,C0283,8,23,10,0
2024-09-22,Milk,C0171,2,47,28,0
2024-11-27,Milk,C0059,9,35,18,0
2024-12-15,Butter,C0032,3,82,73,0
2024-12-26,Dal,C0161,8,95,77,0
2024-09-13,Sugar,C0284,8,72,63,0
2024-05-12,Eggs,C0106,3,36,23,0
2024-10-02,Sugar,C0105,3,59,47,1
2024-09-20,Dal,C0228,6,32,21,1
2024-06-19,Milk,C0188,1,71,59,0
2024-01-01,Butter,C0070,4,77,67,1
2024-11-08,Butter,C0290,1,56,49,0
2024-03-04,Milk,C0087,3,98,87,0
2024-10-10,Sugar,C0056,9,95,83,0
2024-04-30,Bread,C0113,5,80,61,0
2024-04-16,Bread,C0013,5,98,86,0
2024-06-23,Milk,C0018,4,53,48,0
2024-07-22,Bread,C0182,3,89,78,0
2024-06-13,Oil,C0113,5,36,29,0
2024-10-31,Dal,C0229,4,39,33,0
2024-04-29,Dal,C0171,8,92,74,0
2024-02-13,Milk,C0295,4,78,72,0
2024-11-07,Rice,C0189,8,88,70,0
2024-06-04,Eggs,C0079,6,52,33,1
2024-07-25,Sugar,C0146,5,97,79,0
2024-04-17,Milk,C0182,4,36,24,0
2024-09-07,Bread,C0286,4,76,63,0
2024-11-29,Sugar,C0250,4,20,13,0
2024-05-09,Rice,C0196,9,32,14,0
2024-10-19,Bread,C0071,4,46,39,1
2024-01-20,Butter,C0248,9,89,79,0
2024-10-08,Eggs,C0146,6,78,63,0
2024-10-11,Oil,C0106,7,25,11,0
2024-01-01,Bread,C0263,3,42,37,0
2024-04-28,Oil,C0296,8,29,19,0
2024-02-04,Sugar,C0070,3,70,54,0
2024-07-16,Oil,C0193,1,38,31,0
2024-09-01,Sugar,C0068,5,70,55,0
2024-02-28,Sugar,C0052,2,87,79,0
2024-11-20,Sugar,C0285,6,61,48,0
2024-06-09,Sugar,C0009,9,76,69,0
2024-06-27,Sugar,C0251,1,87,82,0
2024-07-24,Bread,C0298,4,57,50,1
2024-01-12,Sugar,C0184,1,81,70,0
2024-10-02,Bread,C0179,1,26,9,0
2024-06-29,Sugar,C0198,8,90,79,0
2024-08-29,Oil,C0128,2,69,54,0
2024-08-03,Butter,C0020,1,71,62,0
2024-09-07,Sugar,C0065,8,45,27,0
2024-10-25,Rice,C0182,4,45,40,0
2024-05-05,Sugar,C0241,3,38,23,0
2024-08-04,Sugar,C0024,4,28,16,0
2024-11-01,Oil,C0083,5,80,66,1
2024-10-11,Eggs,C0185,1,39,27,0
2024-07-03,Dal,C0099,1,69,55,0
2024-02-08,Oil,C0062,3,99,83,0
2024-08-10,Rice,C0286,6,41,27,0
2024-07-02,Dal,C0022,1,32,15,0
2024-06-26,Milk,C0212,2,31,17,0
2024-10-20,Milk,C0126,7,29,23,0
2024-12-05,Eggs,C0042,1,84,70,0
2024-05-30,Rice,C0098,7,49,42,0
2024-05-05,Oil,C0031,4,27,19,1
2024-10-27,Bread,C0158,6,40,35,0
2024-11-03,Rice,C0112,8,41,33,0
2024-12-01,Butter,C0247,9,37,28,0
2024-08-21,Dal,C0122,6,85,78,1
2024-01-08,Dal,C0273,9,67,49,0
2024-12-06,Sugar,C0294,4,63,48,0
2024-05-08,Milk,C0207,6,28,9,0
2024-09-20,Eggs,C0110,8,86,72,0
2024-06-05,Dal,C0278,9,73,67,0
2024-12-17,Rice,C0056,3,45,28,1
2024-12-23,Dal,C0057,2,45,35,0
2024-01-05,Eggs,C0291,6,53,41,0
2024-03-26,Eggs,C0114,4,27,16,0
2024-06-23,Eggs,C0198,1,29,14,0
2024-10-16,Rice,C0179,8,67,49,0
2024-07-11,Bread,C0219,9,74,69,1
2024-11-06,Sugar,C0277,9,73,65,0
2024-04-28,Milk,C0016,2,97,90,1
2024-08-05,Dal,C0061,9,59,49,0
2024-04-23,Rice,C0054,7,34,21,0
2024-05-24,Oil,C0168,5,37,24,0
2024-01-26,Milk,C0026,7,42,31,0
2024-05-15,Bread,C0065,9,81,62,0
2024-10-29,Rice,C0100,8,65,49,0
2024-08-19,Butter,C0074,6,58,45,0
2024-03-16,Butter,C0192,4,34,22,0
2024-11-23,Sugar,C0171,1,72,63,0
2024-12-10,Sugar,C0273,6,83,70,0
2024-10-28,Bread,C0187,3,82,64,0
2024-10-15,Bread,C0023,6,99,88,0
2024-01-01,Sugar,C0181,6,35,26,0
2024-05-26,Dal,C0108,4,89,70,0
2024-10-13,Dal,C0162,2,85,73,0
2024-05-21,Rice,C0206,9,32,13,0
2024-02-22,Oil,C0078,2,66,55,0
2024-10-30,Rice,C0016,3,28,15,0
2024-03-09,Oil,C0096,1,82,68,0
2024-12-26,Bread,C0147,7,53,48,0
2024-03-30,Milk,C0002,1,48,29,0
2024-08-07,Rice,C0010,9,56,39,1
2024-07-10,Rice,C0125,1,62,49,0
2024-03-03,Oil,C0081,5,83,64,0
2024-03-13,Eggs,C0140,7,43,32,0
2024-06-09,Bread,C0150,3,90,85,0
2024-06-17,Bread,C0288,9,53,48,0
2024-03-29,Butter,C0129,8,67,58,0
2024-06-24,Eggs,C0239,3,31,19,1
2024-09-25,Oil,C0058,5,42,29,0
2024-03-13,Bread,C0198,7,98,82,0
2024-09-01,Eggs,C0211,4,32,22,0
2024-03-17,Sugar,C0045,5,64,48,0
2024-06-07,Eggs,C0097,3,84,67,0
2024-11-19,Dal,C0279,9,66,52,0
2024-04-07,Butter,C0023,9,77,61,0
2024-04-11,Sugar,C0044,7,24,12,0
2024-05-11,Milk,C0027,2,96,77,0
2024-04-11,Rice,C0282,7,24,14,0
2024-01-19,Butter,C0097,7,79,64,0
2024-03-22,Milk,C0036,5,40,30,1
2024-10-05,Rice,C0109,9,43,35,0
2024-12-04,Dal,C0055,3,37,22,0
2024-12-30,Eggs,C0192,4,40,31,0
2024-11-26,Bread,C0219,1,73,55,1
2024-05-08,Sugar,C0185,6,29,23,0
2024-12-09,Oil,C0069,4,43,36,0
2024-11-05,Sugar,C0130,1,79,72,0
2024-03-29,Dal,C0055,2,76,58,0
2024-07-31,Milk,C0097,3,42,26,0
2024-05-22,Oil,C0087,9,41,26,1
2024-03-05,Bread,C0294,8,87,78,1
2024-03-16,Dal,C0119,7,53,35,0
2024-07-17,Oil,C0208,4,89,80,0
2024-05-22,Dal,C0154,1,47,37,0
2024-11-11,Eggs,C0035,8,58,49,0
2024-04-02,Dal,C0079,4,61,45,1
2024-10-31,Bread,C0067,3,42,32,0
2024-08-11,Butter,C0034,9,89,77,0
2024-10-17,Rice,C0097,4,99,80,0
2024-04-11,Oil,C0169,4,21,15,0
2024-09-23,Eggs,C0169,9,43,35,0
2024-12-20,Bread,C0151,2,36,19,0
2024-04-19,Dal,C0071,5,84,74,0
2024-11-25,Eggs,C0003,4,89,73,0
2024-09-21,Bread,C0032,9,88,79,1
2024-01-03,Butter,C0287,5,79,74,0
2024-03-25,Eggs,C0082,9,69,56,0
2024-10-08,Eggs,C0043,9,31,24,0
2024-11-23,Rice,C0105,2,66,60,0
2024-10-30,Sugar,C0001,9,86,73,0
2024-04-26,Oil,C0061,3,84,73,0
2024-08-08,Rice,C0270,4,46,37,0
2024-06-02,Milk,C0180,1,67,51,0
2024-06-01,Oil,C0224,1,81,71,0
2024-01-12,Rice,C0006,1,63,47,1
2024-05-12,Dal,C0103,9,38,23,0
2024-10-30,Oil,C0010,8,78,70,0
2024-10-19,Oil,C0071,5,27,22,1
2024-10-26,Bread,C0090,5,74,66,0
2024-08-15,Dal,C0226,9,66,53,0
2024-09-27,Milk,C0158,3,21,16,0
2024-02-12,Sugar,C0228,3,58,44,0
2024-12-08,Eggs,C0126,7,64,57,0
2024-11-21,Butter,C0209,9,51,32,0
2024-10-28,Rice,C0097,6,84,65,0
2024-12-29,Bread,C0074,2,57,48,0
2024-01-21,Rice,C0115,1,96,85,0
2024-04-16,Milk,C0191,2,30,17,0
2024-12-01,Eggs,C0170,1,29,19,0
2024-10-29,Milk,C0204,9,78,71,0
2024-04-26,Oil,C0056,8,74,57,0
2024-05-03,Butter,C0208,7,39,28,1
2024-10-07,Milk,C0041,3,36,17,0
2024-10-18,Rice,C0032,8,87,69,0
2024-07-21,Dal,C0015,2,24,16,0
2024-02-20,Dal,C0062,2,79,72,0
2024-09-27,Oil,C0155,3,42,24,1
2024-11-19,Sugar,C0284,7,65,54,0
2024-10-03,Rice,C0209,1,71,56,0
2024-05-20,Rice,C0187,8,29,14,0
2024-10-01,Milk,C0130,7,65,54,1
2024-10-16,Butter,C0127,4,47,39,1
2024-11-29,Rice,C0292,5,62,46,0
2024-02-21,Bread,C0114,1,45,34,1
2024-01-27,Sugar,C0199,4,74,59,0
2024-06-05,Milk,C0013,1,67,49,0
2024-08-26,Bread,C0271,1,48,42,0
2024-06-04,Oil,C0089,1,46,41,1
2024-10-17,Dal,C0215,7,37,21,0
2024-05-15,Oil,C0278,7,79,60,0
2024-05-23,Dal,C0203,4,93,87,0
2024-04-15,Oil,C0074,2,88,80,0
2024-06-06,Rice,C0025,3,93,81,1
2024-05-25,Bread,C0101,8,40,33,0
2024-01-02,Dal,C0176,8,43,24,1
2024-03-17,Milk,C0117,6,22,8,1
2024-05-11,Bread,C0166,9,81,62,0
2024-03-30,Milk,C0041,9,21,11,0
2024-12-10,Bread,C0120,4,85,75,0
2024-12-15,Bread,C0097,1,61,44,0
2024-09-19,Oil,C0145,1,53,40,0
2024-12-16,Dal,C0216,5,61,48,0
2024-04-17,Dal,C0229,2,39,31,0
2024-03-14,Butter,C0130,6,87,74,1
2024-02-08,Bread,C0137,7,64,45,0
2024-06-07,Rice,C0273,1,94,75,0
2024-03-11,Rice,C0117,6,61,44,1
2024-11-07,Milk,C0094,8,66,56,0
2024-08-28,Milk,C0168,5,24,18,0
2024-10-24,Oil,C0203,7,68,54,0
2024-02-05,Bread,C0149,6,56,38,0
2024-03-24,Milk,C0183,4,53,38,0
2024-09-19,Milk,C0152,7,92,82,0
2024-11-05,Sugar,C0074,9,89,83,0
2024-06-20,Bread,C0274,7,37,25,0
2024-06-21,Eggs,C0042,5,97,89,0
2024-12-27,Oil,C0212,7,38,29,0
2024-02-16,Milk,C0101,3,97,85,0
2024-05-20,Oil,C0045,2,59,41,0
2024-04-27,Dal,C0082,5,36,21,0
2024-10-03,Oil,C0017,4,79,67,0
2024-08-01,Eggs,C0073,5,61,45,0
2024-08-07,Rice,C0014,8,91,73,0
2024-01-26,Eggs,C0157,4,84,68,0
2024-01-09,Rice,C0223,9,72,62,0
2024-09-27,Oil,C0132,7,26,18,0
2024-01-10,Rice,C0047,7,24,5,0
2024-04-30,Dal,C0107,8,43,38,0
2024-05-04,Bread,C0108,6,47,31,0
2024-06-18,Rice,C0265,8,81,70,0
2024-03-12,Rice,C0205,3,36,24,0
2024-05-31,Oil,C0079,1,39,26,1
2024-07-26,Dal,C0155,6,22,16,0
2024-02-18,Butter,C0271,1,56,51,0
2024-06-02,Butter,C0247,9,34,26,0
2024-12-12,Butter,C0019,2,70,53,0
2024-10-19,Butter,C0026,2,67,58,0
2024-03-08,Bread,C0217,7,27,13,0
2024-02-19,Eggs,C0154,2,32,16,0
2024-05-31,Oil,C0154,8,67,62,1
2024-01-19,Oil,C0174,6,22,13,1
2024-04-09,Sugar,C0092,7,84,74,0
2024-02-29,Dal,C0181,7,92,85,1
2024-06-15,Butter,C0131,6,50,34,0
2024-07-20,Bread,C0298,9,45,26,0
2024-12-10,Dal,C0275,9,75,64,0
2024-05-25,Butter,C0273,7,53,35,0
2024-06-12,Bread,C0076,9,28,18,0
2024-08-29,Dal,C0177,3,81,73,0
2024-03-09,Oil,C0184,3,32,25,0
2024-06-23,Oil,C0131,1,88,79,0
2024-02-18,Eggs,C0049,5,60,53,0
2024-04-17,Milk,C0055,4,96,82,0
2024-08-13,Eggs,C0154,2,20,7,0
2024-06-09,Rice,C0200,9,66,53,1
2024-04-28,Eggs,C0118,3,23,13,0
2024-05-28,Butter,C0263,8,82,65,0
2024-05-29,Sugar,C0046,6,71,56,1
2024-10-19,Dal,C0189,5,29,19,0
2024-05-22,Sugar,C0129,1,47,31,0
2024-06-08,Milk,C0049,4,25,7,0
2024-01-11,Rice,C0025,3,46,38,0
2024-05-17,Dal,C0266,1,31,23,0
2024-03-18,Bread,C0118,5,81,75,0
2024-03-17,Butter,C0144,6,71,57,0
2024-09-10,Rice,C0200,2,67,59,0
2024-09-14,Oil,C0157,3,86,74,1
2024-11-15,Milk,C0134,6,65,48,0
2024-10-17,Rice,C0148,4,93,79,1
2024-09-19,Butter,C0071,9,34,28,1
2024-03-25,Eggs,C0233,5,90,77,0
2024-05-25,Rice,C0299,4,55,37,0
2024-11-18,Eggs,C0154,2,33,28,0
2024-02-11,Butter,C0090,6,97,80,1
2024-05-04,Oil,C0199,2,22,16,0
2024-06-15,Dal,C0161,7,86,67,0
2024-08-28,Bread,C0026,3,38,32,0
2024-10-06,Oil,C0121,9,95,80,0
2024-07-06,Eggs,C0212,5,73,56,1
2024-10-28,Eggs,C0063,8,88,69,0
2024-01-19,Bread,C0068,6,29,11,1
2024-03-08,Dal,C0253,8,52,42,0
2024-08-05,Rice,C0002,3,32,13,0
2024-04-11,Bread,C0108,3,70,52,1
2024-02-11,Milk,C0286,5,51,40,0
2024-10-14,Milk,C0049,3,94,77,1
2024-06-15,Butter,C0140,8,43,24,0
2024-04-18,Oil,C0218,8,54,35,0
2024-02-05,Eggs,C0044,2,89,82,0
2024-08-19,Dal,C0269,4,59,44,1
2024-08-16,Butter,C0078,1,73,60,1
2024-12-18,Oil,C0216,4,63,54,0
2024-06-12,Oil,C0098,4,81,72,0
2024-03-13,Butter,C0236,9,87,72,0
2024-05-15,Sugar,C0282,3,52,36,0
2024-12-18,Oil,C0149,2,96,88,0
2024-03-10,Sugar,C0066,9,75,62,0
2024-07-14,Milk,C0234,9,55,43,1
2024-09-25,Milk,C0087,1,73,57,0
2024-02-18,Oil,C0079,6,38,30,0
2024-11-11,Milk,C0205,8,62,54,0
2024-05-09,Dal,C0279,3,31,25,0
2024-01-05,Sugar,C0254,9,30,17,1
2024-01-27,Sugar,C0130,2,89,82,0
2024-06-08,Oil,C0084,6,31,23,1
2024-05-28,Milk,C0276,1,60,42,1
2024-09-20,Bread,C0187,7,44,33,0
2024-08-17,Eggs,C0046,3,22,8,0
2024-07-18,Butter,C0183,7,22,10,0
2024-02-19,Butter,C0268,4,47,35,0
2024-03-07,Sugar,C0296,9,42,34,0
2024-10-26,Oil,C0100,5,67,48,0
2024-02-27,Oil,C0078,3,86,75,0
2024-09-15,Dal,C0272,8,61,47,0
2024-12-07,Rice,C0162,6,59,54,0
2024-11-21,Eggs,C0044,2,25,15,0
2024-05-09,Rice,C0238,3,39,29,0
2024-08-02,Sugar,C0134,8,30,20,0
2024-06-20,Butter,C0192,7,46,30,0
2024-09-14,Dal,C0278,6,40,34,0
2024-04-11,Dal,C0018,1,32,20,0
2024-07-27,Dal,C0012,9,54,36,0
2024-10-17,Sugar,C0180,3,66,47,0
2024-12-19,Rice,C0123,5,47,28,0
2024-10-12,Butter,C0246,7,40,31,0
2024-04-25,Dal,C0222,7,37,28,1
2024-09-20,Butter,C0051,3,50,44,0
2024-05-29,Milk,C0071,4,79,71,0
2024-10-26,Oil,C0048,7,56,40,0
2024-02-05,Oil,C0019,8,40,27,0
2024-11-28,Butter,C0262,2,33,20,0
2024-10-13,Bread,C0084,9,79,69,1
2024-10-29,Bread,C0155,7,42,27,0
2024-11-06,Sugar,C0053,8,48,29,1
2024-07-26,Sugar,C0107,6,66,53,0
2024-04-15,Oil,C0135,6,49,41,1
2024-06-06,Milk,C0069,9,57,38,0
2024-04-30,Eggs,C0011,4,46,31,0
2024-02-24,Rice,C0143,5,34,29,0
2024-01-12,Rice,C0192,9,78,72,0
2024-05-24,Sugar,C0069,1,22,5,0
2024-05-15,Milk,C0023,4,29,24,0
2024-01-03,Sugar,C0181,7,98,86,0
2024-05-23,Eggs,C0293,9,99,86,0
2024-01-30,Rice,C0009,6,36,22,0
2024-08-24,Butter,C0271,8,30,14,0
2024-10-05,Sugar,C0093,9,67,57,1
2024-12-13,Dal,C0017,4,24,18,0
2024-04-24,Butter,C0154,1,88,78,0
2024-04-13,Eggs,C0149,8,83,70,0
2024-04-27,Eggs,C0267,2,33,17,0
2024-01-05,Sugar,C0106,1,69,62,1
2024-12-25,Oil,C0035,7,45,32,0
2024-09-04,Sugar,C0119,9,91,85,0
2024-12-29,Oil,C0014,9,88,73,1
2024-11-16,Eggs,C0014,3,26,17,0
2024-04-30,Milk,C0266,6,35,20,0
2024-10-12,Eggs,C0140,7,74,68,1
2024-05-28,Rice,C0294,9,97,86,0
2024-03-24,Butter,C0119,2,75,60,0
2024-08-18,Butter,C0238,8,23,9,0
2024-10-14,Bread,C0034,7,67,48,0
2024-06-09,Bread,C0169,4,36,23,1
2024-09-28,Eggs,C0010,2,55,44,0
2024-02-07,Rice,C0122,8,89,73,0
2024-08-13,Bread,C0145,5,99,90,0
2024-05-21,Butter,C0223,6,57,38,0
2024-10-18,Sugar,C0257,7,81,73,0
2024-05-30,Milk,C0268,1,67,51,0
2024-04-23,Milk,C0004,8,29,21,0
2024-08-24,Rice,C0106,4,55,36,1
2024-03-06,Eggs,C0085,9,48,34,0
2024-12-26,Bread,C0214,1,97,85,0
2024-12-06,Sugar,C0121,2,23,9,0
2024-09-14,Milk,C0132,6,63,46,0
2024-09-05,Milk,C0197,1,75,61,0
2024-11-26,Dal,C0019,4,61,43,0
2024-11-18,Eggs,C0130,8,32,18,1
2024-06-28,Dal,C0012,5,65,51,1
2024-07-08,Butter,C0081,9,52,38,0
2024-06-02,Milk,C0262,6,40,35,0
2024-07-14,Rice,C0125,1,99,90,0
2024-11-06,Oil,C0267,6,98,80,0
2024-09-18,Oil,C0140,6,76,70,0
2024-05-22,Sugar,C0002,6,88,71,0
2024-12-07,Milk,C0008,8,89,74,0
2024-11-11,Milk,C0250,6,86,73,0
2024-04-10,Butter,C0139,5,67,56,0
2024-08-31,Milk,C0124,2,95,81,0
2024-01-12,Rice,C0228,4,52,40,0
2024-08-26,Dal,C0010,5,55,45,1
2024-02-18,Milk,C0212,4,52,39,1
2024-02-11,Milk,C0112,2,50,40,0
2024-06-14,Butter,C0008,7,40,29,0
2024-03-22,Eggs,C0292,2,46,35,0
2024-10-17,Bread,C0253,1,91,78,0
2024-06-06,Eggs,C0014,5,81,66,0
2024-08-03,Butter,C0240,1,45,33,0
2024-06-06,Eggs,C0242,1,85,68,0
2024-05-13,Butter,C0149,1,31,26,0
2024-03-07,Rice,C0236,6,41,33,0
2024-12-01,Sugar,C0167,9,36,25,1
2024-01-07,Milk,C0020,1,26,11,0
2024-01-14,Butter,C0216,5,87,75,0
2024-03-13,Butter,C0135,9,56,45,0
2024-06-11,Bread,C0129,9,57,41,0
2024-03-06,Butter,C0294,1,30,23,0
2024-12-12,Oil,C0246,8,20,1,0
2024-05-09,Sugar,C0189,1,44,36,0
2024-07-24,Milk,C0044,8,61,45,0
2024-10-02,Milk,C0086,1,71,60,0
2024-09-12,Bread,C0044,5,43,31,0
2024-09-22,Rice,C0145,8,72,61,0
2024-01-25,Milk,C0051,6,75,65,0
2024-10-07,Oil,C0242,9,82,69,0
2024-09-09,Milk,C0294,1,27,14,0
2024-11-05,Oil,C0051,9,78,63,0
2024-10-15,Sugar,C0266,1,64,47,0
2024-06-12,Sugar,C0120,3,46,35,1
2024-04-04,Dal,C0200,1,71,59,1
2024-09-26,Dal,C0248,3,37,27,0
2024-11-16,Oil,C0070,2,35,30,1
2024-04-19,Rice,C0057,2,85,80,0
2024-12-01,Milk,C0039,9,24,14,1
2024-11-05,Butter,C0289,8,22,16,0
2024-08-25,Milk,C0018,1,99,81,0
2024-01-25,Dal,C0220,4,89,77,0
2024-05-20,Eggs,C0244,1,26,21,0
2024-04-26,Butter,C0298,1,69,52,0
2024-01-25,Oil,C0283,4,33,27,1
2024-03-19,Butter,C0074,2,57,45,0
2024-03-08,Eggs,C0110,3,98,82,0
2024-06-21,Milk,C0180,9,66,56,0
2024-01-12,Milk,C0032,2,52,36,0
2024-10-14,Rice,C0234,4,62,48,0
2024-05-07,Bread,C0282,1,48,42,0
2024-04-05,Butter,C0025,2,76,70,0
2024-04-01,Dal,C0279,5,24,9,0
2024-05-20,Eggs,C0226,1,79,61,0
2024-01-31,Eggs,C0057,7,89,78,0
2024-11-29,Eggs,C0180,4,21,12,0
2024-01-20,Dal,C0232,6,89,80,1
2024-05-25,Bread,C0287,8,62,50,0
2024-11-11,Milk,C0064,6,23,7,0
2024-06-08,Rice,C0232,2,75,59,0
2024-12-14,Rice,C0289,1,78,67,0
2024-02-12,Dal,C0213,8,28,12,0
2024-09-10,Rice,C0258,8,22,4,0
2024-05-09,Eggs,C0018,9,67,54,0
2024-02-29,Sugar,C0175,6,62,54,0
2024-05-30,Bread,C0229,1,20,6,0
2024-10-13,Milk,C0226,9,76,68,0
2024-01-05,Sugar,C0084,3,72,66,0
2024-09-22,Bread,C0291,6,35,28,0
2024-12-10,Oil,C0246,9,70,65,0
2024-05-09,Butter,C0110,3,94,89,0
2024-09-23,Dal,C0254,5,74,63,0
2024-06-26,Eggs,C0088,5,20,2,0
2024-09-09,Rice,C0072,7,47,29,0
2024-02-25,Oil,C0030,4,72,63,0
2024-03-23,Rice,C0172,4,77,70,0
2024-04-08,Sugar,C0177,7,92,81,0
2024-05-28,Milk,C0139,9,79,61,0
2024-11-24,Milk,C0194,4,78,72,0
2024-06-04,Milk,C0186,4,41,34,0
2024-07-08,Eggs,C0218,6,27,22,0
2024-09-19,Rice,C0164,6,68,56,0
2024-03-20,Oil,C0161,7,61,55,0
2024-09-08,Milk,C0013,1,46,27,0
2024-04-06,Oil,C0296,3,58,47,0
2024-09-16,Rice,C0089,9,44,29,1
2024-09-16,Eggs,C0042,6,57,44,1
2024-04-12,Sugar,C0210,6,43,33,1
2024-02-09,Eggs,C0229,5,43,37,0
2024-09-29,Oil,C0275,3,79,73,0
2024-04-10,Eggs,C0279,5,69,56,0
2024-12-24,Eggs,C0251,1,85,71,0
2024-11-03,Sugar,C0208,3,33,21,0
2024-08-08,Rice,C0140,4,72,54,0
2024-11-03,Rice,C0280,5,51,33,1
2024-05-03,Dal,C0034,9,67,49,0
2024-08-18,Eggs,C0018,4,58,45,0
2024-06-26,Rice,C0057,3,59,51,0
2024-03-03,Rice,C0112,1,61,53,0
2024-04-25,Bread,C0005,6,96,77,0
2024-07-09,Milk,C0182,7,95,76,0
2024-03-02,Dal,C0013,8,27,21,0
2024-09-12,Butter,C0285,1,98,80,0
2024-01-07,Dal,C0259,4,45,31,1
2024-06-03,Dal,C0090,5,31,26,0
2024-04-01,Butter,C0104,2,62,48,0
2024-01-14,Bread,C0186,1,70,53,0
2024-08-16,Eggs,C0250,8,82,74,1
2024-03-26,Sugar,C0255,6,68,54,0
2024-05-12,Rice,C0076,5,46,32,0
2024-07-01,Milk,C0108,9,28,13,0
2024-03-02,Oil,C0156,2,58,46,1
2024-08-06,Eggs,C0082,8,84,78,0
2024-09-02,Butter,C0077,9,90,73,0
2024-08-17,Sugar,C0258,1,90,74,0
2024-03-19,Eggs,C0127,7,26,11,0
2024-05-28,Butter,C0282,8,91,79,0
2024-05-17,Rice,C0088,3,99,94,0
2024-11-09,Bread,C0204,4,86,67,0
2024-03-05,Eggs,C0016,3,29,24,1
2024-01-13,Butter,C0151,7,90,82,0
2024-07-31,Rice,C0254,9,72,61,1
2024-08-29,Rice,C0188,3,76,63,0
2024-07-31,Bread,C0032,6,46,37,0
2024-06-29,Dal,C0271,8,73,67,0
2024-12-03,Eggs,C0005,6,23,7,0
2024-06-21,Eggs,C0169,2,42,31,0
2024-06-08,Dal,C0181,7,67,52,0
2024-06-12,Milk,C0178,2,61,55,0
2024-07-06,Milk,C0143,2,22,9,0
2024-07-09,Dal,C0248,2,22,9,0
2024-11-03,Sugar,C0127,1,47,40,0
2024-09-12,Oil,C0263,1,82,65,0
2024-07-01,Rice,C0040,7,50,38,1
2024-04-26,Oil,C0255,5,29,14,0
2024-10-08,Rice,C0143,3,68,60,0
